id,from_stop,to_stop,distance_km,mean_travel_time,std_travel_time,p50_time,p90_time,p95_time,traffic_condition,lognormal_mu,lognormal_sigma
S001_S002,S001,S002,12.07,20.82,3.23,20.57,25.06,26.51,normal,3.0239,0.1541
S002_S001,S002,S001,12.07,19.97,2.99,19.75,23.91,25.24,normal,2.983,0.1491
S001_S003,S001,S003,14.199,35.42,10.56,33.95,49.35,54.86,normal,3.5248,0.2918
S003_S001,S003,S001,14.199,33.08,10.4,31.56,46.77,52.29,normal,3.4519,0.3069
S001_S006,S001,S006,6.715,15.16,2.94,14.88,19.03,20.4,light,2.6999,0.1919
S006_S001,S006,S001,6.715,15.3,3.06,15.01,19.35,20.79,light,2.7085,0.1982
S001_S007,S001,S007,9.021,20.28,4.74,19.75,26.55,28.87,heavy,2.9831,0.2308
S007_S001,S007,S001,9.021,20.57,5.04,19.98,27.23,29.72,heavy,2.9948,0.2413
S001_S008,S001,S008,13.055,35.4,11.01,33.8,49.91,55.73,normal,3.5204,0.304
S008_S001,S008,S001,13.055,34.96,10.52,33.47,48.83,54.34,normal,3.5107,0.2946
S001_S011,S001,S011,7.904,15.32,4.64,14.67,21.44,23.87,light,2.6855,0.2961
S011_S001,S011,S001,7.904,14.32,4.26,13.73,19.95,22.17,light,2.6196,0.2914
S001_S012,S001,S012,17.409,36.2,9.8,34.95,49.15,54.13,heavy,3.5538,0.266
S012_S001,S012,S001,17.409,37.53,9.87,36.3,50.57,55.55,heavy,3.5918,0.2587
S001_S013,S001,S013,9.08,13.14,2.97,12.82,17.06,18.49,normal,2.5508,0.2229
S013_S001,S013,S001,9.08,13.83,3.04,13.51,17.84,19.3,normal,2.6034,0.2169
S001_S016,S001,S016,8.2,10.66,2.83,10.3,14.4,15.83,light,2.3323,0.261
S016_S001,S016,S001,8.2,9.88,2.68,9.54,13.42,14.78,light,2.2556,0.2659
S001_S017,S001,S017,10.671,31.11,5.16,30.69,37.9,40.24,heavy,3.4238,0.1648
S017_S001,S017,S001,10.671,32.93,5.04,32.55,39.56,41.8,heavy,3.4828,0.1521
S001_S018,S001,S018,11.36,29.62,9.38,28.24,41.98,46.96,heavy,3.3406,0.3093
S018_S001,S018,S001,11.36,29.0,8.84,27.74,40.65,45.3,heavy,3.323,0.298
S001_S021,S001,S021,6.81,12.7,4.29,12.04,18.34,20.66,light,2.488,0.3283
S021_S001,S021,S001,6.81,12.93,4.0,12.35,18.2,20.31,light,2.5134,0.3027
S001_S022,S001,S022,16.255,26.66,4.87,26.23,33.09,35.34,normal,3.2668,0.1812
S022_S001,S022,S001,16.255,25.68,5.28,25.15,32.66,35.16,normal,3.2249,0.2037
S001_S023,S001,S023,9.229,15.48,3.0,15.2,19.44,20.85,normal,2.7213,0.1921
S023_S001,S023,S001,9.229,16.33,3.17,16.03,20.51,22.0,normal,2.7747,0.1922
S001_S026,S001,S026,7.43,16.77,2.62,16.57,20.23,21.4,normal,2.8076,0.1555
S026_S001,S026,S001,7.43,16.51,2.4,16.33,19.66,20.71,normal,2.7933,0.1444
S001_S027,S001,S027,12.92,19.25,5.07,18.62,25.95,28.51,normal,2.9241,0.259
S027_S001,S027,S001,12.92,18.68,5.23,17.99,25.58,28.27,normal,2.8898,0.2747
S001_S028,S001,S028,10.106,20.27,6.75,19.23,29.15,32.79,normal,2.9567,0.3242
S028_S001,S028,S001,10.106,19.11,6.26,18.16,27.35,30.71,normal,2.8994,0.3193
S001_S031,S001,S031,8.809,19.34,4.98,18.72,25.92,28.42,heavy,2.9298,0.2537
S031_S001,S031,S001,8.809,20.57,4.88,20.01,27.02,29.42,heavy,2.9963,0.2342
S001_S032,S001,S032,15.851,36.04,12.6,34.03,52.58,59.48,normal,3.5271,0.3395
S032_S001,S032,S001,15.851,36.01,13.24,33.79,53.35,60.71,normal,3.5202,0.3562
S001_S033,S001,S033,16.062,33.17,5.99,32.64,41.07,43.83,heavy,3.4856,0.1791
S033_S001,S033,S001,16.062,34.72,5.9,34.23,42.49,45.17,heavy,3.5331,0.1686
S001_S036,S001,S036,7.509,26.14,5.92,25.49,33.95,36.82,heavy,3.2384,0.2235
S036_S001,S036,S001,7.509,26.26,6.47,25.5,34.81,38.02,heavy,3.2386,0.2429
S001_S037,S001,S037,11.664,17.85,2.72,17.64,21.42,22.63,normal,2.8703,0.1514
S037_S001,S037,S001,11.664,16.75,2.93,16.5,20.6,21.94,normal,2.8031,0.1735
S001_S038,S001,S038,15.325,24.84,7.54,23.77,34.78,38.74,normal,3.1683,0.297
S038_S001,S038,S001,15.325,23.3,7.45,22.19,33.1,37.07,normal,3.0996,0.3119
S001_S041,S001,S041,6.302,12.17,4.15,11.52,17.62,19.87,normal,2.4439,0.3314
S041_S001,S041,S001,6.302,13.09,4.36,12.41,18.82,21.18,normal,2.5189,0.3247
S001_S042,S001,S042,17.088,31.89,5.46,31.43,39.08,41.57,normal,3.4477,0.17
S042_S001,S042,S001,17.088,30.86,5.61,30.36,38.26,40.85,normal,3.4131,0.1804
S001_S043,S001,S043,13.779,32.65,5.9,32.13,40.43,43.14,heavy,3.4699,0.1791
S043_S001,S043,S001,13.779,32.86,6.22,32.28,41.07,43.97,heavy,3.4746,0.1878
S001_S046,S001,S046,8.373,15.41,2.31,15.24,18.45,19.48,normal,2.7237,0.1493
S046_S001,S046,S001,8.373,15.38,2.13,15.23,18.18,19.12,normal,2.7235,0.1381
S001_S047,S001,S047,13.826,28.35,9.84,26.78,41.27,46.64,normal,3.2878,0.3372
S047_S001,S047,S001,13.826,27.17,9.33,25.7,39.43,44.51,normal,3.2464,0.3339
S001_S048,S001,S048,14.312,25.75,4.27,25.4,31.37,33.3,normal,3.2349,0.1646
S048_S001,S048,S001,14.312,25.69,3.9,25.4,30.82,32.56,normal,3.2348,0.1509
S001_S051,S001,S051,4.616,7.44,2.26,7.12,10.42,11.6,normal,1.9632,0.2965
S051_S001,S051,S001,4.616,7.63,2.46,7.26,10.87,12.18,normal,1.983,0.3141
S001_S052,S001,S052,7.06,22.6,5.78,21.9,30.23,33.12,heavy,3.0864,0.2515
S052_S001,S052,S001,7.06,24.28,6.27,23.51,32.56,35.71,heavy,3.1574,0.2541
S001_S053,S001,S053,8.39,13.57,3.91,13.04,18.72,20.74,normal,2.5678,0.2823
S053_S001,S053,S001,8.39,13.35,4.04,12.78,18.67,20.79,normal,2.5475,0.2961
S001_S056,S001,S056,8.862,24.36,8.04,23.13,34.93,39.25,heavy,3.1412,0.3214
S056_S001,S056,S001,8.862,22.88,7.59,21.71,32.87,36.96,heavy,3.078,0.3233
S001_S057,S001,S057,13.993,39.41,10.55,38.07,53.33,58.67,heavy,3.6393,0.263
S057_S001,S057,S001,13.993,39.96,9.51,38.88,52.52,57.19,heavy,3.6605,0.2346
S001_S058,S001,S058,8.928,12.59,2.04,12.43,15.28,16.19,light,2.5203,0.1607
S058_S001,S058,S001,8.928,13.41,2.18,13.24,16.29,17.27,light,2.583,0.1618
S001_S061,S001,S061,7.951,27.5,5.43,26.98,34.67,37.23,heavy,3.2951,0.1957
S061_S001,S061,S001,7.951,26.24,5.03,25.77,32.89,35.24,heavy,3.2494,0.1901
S001_S062,S001,S062,10.7,15.77,4.17,15.25,21.27,23.38,normal,2.7244,0.2598
S062_S001,S062,S001,10.7,15.12,4.14,14.58,20.59,22.7,normal,2.6799,0.2691
S001_S063,S001,S063,13.484,26.84,4.53,26.47,32.82,34.87,normal,3.2759,0.1677
S063_S001,S063,S001,13.484,26.55,4.46,26.18,32.43,34.45,normal,3.2649,0.167
S001_S066,S001,S066,6.994,11.38,3.37,10.91,15.82,17.58,light,2.3901,0.2896
S066_S001,S066,S001,6.994,10.58,3.52,10.04,15.21,17.11,light,2.3066,0.324
S001_S067,S001,S067,12.276,26.16,4.5,25.78,32.08,34.13,heavy,3.2496,0.1706
S067_S001,S067,S001,12.276,24.86,4.45,24.47,30.73,32.77,heavy,3.1976,0.1775
S001_S068,S001,S068,13.211,35.16,7.23,34.44,44.71,48.14,heavy,3.5391,0.2036
S068_S001,S068,S001,13.211,37.26,6.62,36.69,45.99,49.03,heavy,3.6025,0.1762
S001_S071,S001,S071,2.038,2.72,0.87,2.59,3.87,4.34,light,0.9528,0.3133
S071_S001,S071,S001,2.038,2.53,0.96,2.36,3.79,4.33,light,0.8596,0.3678
S001_S072,S001,S072,9.147,14.17,4.87,13.4,20.57,23.23,normal,2.5955,0.3342
S072_S001,S072,S001,9.147,13.42,4.86,12.62,19.78,22.47,normal,2.5349,0.351
S001_S073,S001,S073,9.333,18.11,4.17,17.65,23.62,25.65,light,2.8709,0.2272
S073_S001,S073,S001,9.333,17.14,3.75,16.75,22.1,23.91,light,2.8181,0.2165
S002_S003,S002,S003,15.486,31.17,10.45,29.55,44.91,50.56,normal,3.3862,0.3264
S003_S002,S003,S002,15.486,30.1,10.86,28.31,44.34,50.34,normal,3.3433,0.3499
S002_S005,S002,S005,8.759,19.38,5.94,18.53,27.21,30.34,heavy,2.9193,0.2998
S005_S002,S005,S002,8.759,18.31,5.7,17.48,25.82,28.83,heavy,2.8611,0.3042
S002_S007,S002,S007,4.659,5.74,1.53,5.55,7.76,8.53,light,1.7137,0.2613
S007_S002,S007,S002,4.659,5.97,1.39,5.81,7.81,8.49,light,1.7603,0.23
S002_S008,S002,S008,15.417,27.46,6.88,26.64,36.55,39.98,normal,3.2823,0.2468
S008_S002,S008,S002,15.417,25.96,7.52,24.93,35.87,39.76,normal,3.2162,0.2837
S002_S010,S002,S010,13.702,34.83,6.52,34.24,43.44,46.47,normal,3.5334,0.1856
S010_S002,S010,S002,13.702,32.43,6.99,31.7,41.66,45.01,normal,3.4562,0.2132
S002_S012,S002,S012,7.389,14.74,4.99,13.96,21.29,24.0,normal,2.6364,0.3292
S012_S002,S012,S002,7.389,14.93,4.53,14.28,20.9,23.27,normal,2.6592,0.2967
S002_S013,S002,S013,14.408,36.57,10.29,35.2,50.15,55.44,normal,3.5611,0.2761
S013_S002,S013,S002,14.408,36.7,11.19,35.11,51.45,57.33,normal,3.5584,0.2981
S002_S015,S002,S015,15.794,49.04,14.38,47.06,68.01,75.49,heavy,3.8515,0.2872
S015_S002,S015,S002,15.794,47.21,13.32,45.43,64.78,71.63,heavy,3.8162,0.2768
S002_S016,S002,S016,11.606,26.93,6.5,26.18,35.52,38.72,heavy,3.2649,0.238
S016_S002,S016,S002,11.606,24.82,6.66,23.97,33.61,36.98,heavy,3.1767,0.2637
S002_S017,S002,S017,8.66,15.62,2.66,15.4,19.12,20.33,normal,2.7344,0.1688
S017_S002,S017,S002,8.66,15.64,2.46,15.45,18.88,19.98,normal,2.7374,0.1564
S002_S018,S002,S018,17.447,48.76,7.99,48.12,59.29,62.89,heavy,3.8738,0.1627
S018_S002,S018,S002,17.447,47.75,7.44,47.18,57.54,60.87,heavy,3.8539,0.1549
S002_S022,S002,S022,7.38,9.73,2.83,9.34,13.46,14.93,light,2.2348,0.2848
S022_S002,S022,S002,7.38,9.99,2.86,9.61,13.77,15.24,light,2.2625,0.2806
S002_S023,S002,S023,15.749,31.39,5.36,30.94,38.46,40.9,heavy,3.4322,0.1695
S023_S002,S023,S002,15.749,30.21,5.78,29.67,37.83,40.53,heavy,3.3902,0.1895
S002_S026,S002,S026,13.021,21.2,3.84,20.86,26.27,28.03,normal,3.038,0.1796
S026_S002,S026,S002,13.021,21.56,4.01,21.2,26.84,28.7,normal,3.0538,0.1843
S002_S027,S002,S027,3.153,7.26,2.01,6.99,9.91,10.94,normal,1.9449,0.2718
S027_S002,S027,S002,3.153,7.26,1.91,7.02,9.78,10.75,normal,1.9493,0.2585
S002_S028,S002,S028,14.015,20.94,3.35,20.67,25.35,26.86,normal,3.0288,0.1591
S028_S002,S028,S002,14.015,20.68,3.2,20.44,24.9,26.33,normal,3.0173,0.154
S002_S030,S002,S030,16.442,44.7,13.6,42.76,62.62,69.76,normal,3.7557,0.2975
S030_S002,S030,S002,16.442,48.13,12.68,46.54,64.87,71.26,normal,3.8403,0.259
S002_S031,S002,S031,17.591,34.23,9.96,32.86,47.37,52.53,normal,3.4923,0.2852
S031_S002,S031,S002,17.591,31.54,9.12,30.3,43.57,48.29,normal,3.4112,0.2833
S002_S032,S002,S032,6.968,8.96,2.96,8.51,12.86,14.45,light,2.1408,0.3222
S032_S002,S032,S002,6.968,9.44,3.01,8.99,13.41,15.01,light,2.1964,0.3115
S002_S035,S002,S035,8.172,19.64,3.45,19.35,24.19,25.77,normal,2.9626,0.1742
S035_S002,S035,S002,8.172,19.22,3.75,18.86,24.16,25.92,normal,2.9372,0.1931
S002_S037,S002,S037,5.261,7.62,1.2,7.52,9.2,9.74,normal,2.0179,0.157
S037_S002,S037,S002,5.261,7.26,1.14,7.17,8.77,9.28,normal,1.9705,0.1564
S002_S040,S002,S040,13.392,33.4,10.22,31.94,46.87,52.25,normal,3.4639,0.2992
S040_S002,S040,S002,13.392,35.93,10.73,34.43,50.09,55.69,normal,3.539,0.2923
S002_S041,S002,S041,11.211,22.41,4.42,21.99,28.25,30.33,heavy,3.0906,0.1955
S041_S002,S041,S002,11.211,24.12,4.7,23.68,30.32,32.52,heavy,3.1645,0.193
S002_S042,S002,S042,10.854,16.43,2.55,16.24,19.79,20.92,normal,2.7875,0.154
S042_S002,S042,S002,10.854,17.55,2.69,17.35,21.09,22.29,normal,2.8534,0.1524
S002_S043,S002,S043,16.033,31.82,9.04,30.61,43.74,48.39,normal,3.4212,0.2785
S043_S002,S043,S002,16.033,33.4,8.61,32.34,44.78,49.1,normal,3.4763,0.2538
S002_S045,S002,S045,8.615,11.64,2.0,11.47,14.27,15.18,light,2.4399,0.1704
S045_S002,S045,S002,8.615,12.31,1.89,12.17,14.79,15.63,light,2.4986,0.1524
S002_S046,S002,S046,12.643,19.79,4.79,19.23,26.12,28.48,normal,2.9567,0.2386
S046_S002,S046,S002,12.643,20.81,5.15,20.2,27.6,30.16,normal,3.0055,0.2437
S002_S047,S002,S047,4.53,13.87,3.91,13.35,19.03,21.04,heavy,2.5913,0.2766
S047_S002,S047,S002,4.53,13.49,4.2,12.88,19.01,21.23,heavy,2.5555,0.3039
S002_S048,S002,S048,16.203,23.52,4.84,23.03,29.91,32.2,normal,3.137,0.2037
S048_S002,S048,S002,16.203,23.55,5.01,23.04,30.17,32.57,normal,3.1371,0.2105
S002_S051,S002,S051,15.955,33.24,7.19,32.49,42.74,46.19,heavy,3.481,0.2138
S051_S002,S051,S002,15.955,31.2,7.86,30.25,41.59,45.51,heavy,3.4096,0.2482
S002_S052,S002,S052,5.812,13.64,4.67,12.9,19.77,22.31,normal,2.5573,0.3331
S052_S002,S052,S002,5.812,12.63,4.76,11.82,18.86,21.52,normal,2.4696,0.3645
S002_S053,S002,S053,12.537,26.02,7.99,24.87,36.55,40.76,normal,3.2136,0.3004
S053_S002,S053,S002,12.537,26.46,8.01,25.32,37.02,41.22,normal,3.2317,0.2962
S002_S055,S002,S055,9.726,19.65,5.21,18.99,26.53,29.16,normal,2.9438,0.2608
S055_S002,S055,S002,9.726,18.21,5.15,17.53,25.0,27.65,normal,2.8637,0.2771
S002_S056,S002,S056,15.809,29.28,9.11,27.96,41.28,46.1,normal,3.3306,0.3041
S056_S002,S056,S002,15.809,30.31,9.56,28.9,42.89,47.97,normal,3.364,0.3079
S002_S057,S002,S057,7.042,10.14,2.26,9.9,13.13,14.22,light,2.2925,0.2201
S057_S002,S057,S002,7.042,10.87,2.45,10.6,14.11,15.29,light,2.3613,0.2226
S002_S058,S002,S058,14.063,33.05,9.34,31.81,45.39,50.19,heavy,3.4597,0.2773
S058_S002,S058,S002,14.063,34.21,8.97,33.1,46.06,50.58,heavy,3.4994,0.2578
S002_S062,S002,S062,5.822,16.73,3.88,16.3,21.85,23.75,heavy,2.7912,0.2287
S062_S002,S062,S002,5.822,17.26,3.92,16.83,22.44,24.34,heavy,2.8232,0.2242
S002_S063,S002,S063,17.661,41.01,11.61,39.46,56.33,62.31,normal,3.6754,0.2776
S063_S002,S063,S002,17.661,42.18,12.54,40.43,58.71,65.26,normal,3.6995,0.2911
S002_S066,S002,S066,17.458,30.53,6.42,29.88,39.0,42.06,normal,3.3971,0.2079
S066_S002,S066,S002,17.458,32.16,6.17,31.58,40.29,43.17,normal,3.4526,0.19
S002_S067,S002,S067,3.597,8.24,2.53,7.87,11.57,12.9,normal,2.0634,0.3003
S067_S002,S067,S002,3.597,8.19,2.5,7.83,11.48,12.8,normal,2.0583,0.2985
S002_S068,S002,S068,14.229,32.49,7.95,31.56,43.0,46.93,normal,3.452,0.2411
S068_S002,S068,S002,14.229,30.78,7.29,29.95,40.4,43.98,normal,3.3994,0.2336
S002_S070,S002,S070,12.519,23.25,6.43,22.41,31.74,35.02,normal,3.1094,0.2715
S070_S002,S070,S002,12.519,21.74,7.01,20.69,30.96,34.71,normal,3.0295,0.3146
S002_S071,S002,S071,11.349,34.43,7.3,33.68,44.08,47.57,heavy,3.517,0.2098
S071_S002,S071,S002,11.349,32.49,6.64,31.83,41.26,44.4,heavy,3.4605,0.2023
S002_S072,S002,S072,8.196,10.03,2.73,9.68,13.63,15.02,light,2.2698,0.2674
S072_S002,S072,S002,8.196,9.96,2.94,9.55,13.84,15.37,light,2.2565,0.2892
S002_S073,S002,S073,15.118,27.07,7.95,25.97,37.55,41.68,normal,3.2569,0.2876
S073_S002,S073,S002,15.118,27.04,7.54,26.05,37.0,40.86,normal,3.2599,0.2737
S003_S004,S003,S004,6.535,9.49,1.43,9.38,11.38,12.02,light,2.239,0.1503
S004_S003,S004,S003,6.535,9.91,1.35,9.82,11.69,12.28,light,2.2846,0.1359
S003_S006,S003,S006,16.866,26.57,7.68,25.53,36.71,40.69,normal,3.2397,0.2834
S006_S003,S006,S003,16.866,24.66,7.3,23.65,34.29,38.09,normal,3.1632,0.2898
S003_S007,S003,S007,11.238,17.3,4.18,16.82,22.82,24.88,normal,2.8227,0.2379
S007_S003,S007,S003,11.238,17.77,4.58,17.2,23.82,26.12,normal,2.8452,0.2538
S003_S008,S003,S008,1.467,3.5,1.19,3.32,5.07,5.72,heavy,1.1991,0.3308
S008_S003,S008,S003,1.467,3.57,1.24,3.37,5.2,5.88,heavy,1.2143,0.3387
S003_S009,S003,S009,8.483,21.41,6.77,20.41,30.32,33.91,heavy,3.0161,0.3086
S009_S003,S009,S003,8.483,22.77,7.1,21.74,32.12,35.87,heavy,3.079,0.3045
S003_S012,S003,S012,14.015,36.05,7.28,35.33,45.65,49.08,heavy,3.5648,0.1998
S012_S003,S012,S003,14.015,38.01,6.95,37.39,47.17,50.39,heavy,3.6213,0.1814
S003_S013,S003,S013,5.72,9.14,2.26,8.87,12.12,13.24,normal,2.1829,0.2433
S013_S003,S013,S003,5.72,8.81,2.07,8.58,11.54,12.55,normal,2.149,0.2314
S003_S014,S003,S014,14.722,31.87,6.51,31.23,40.47,43.56,normal,3.4413,0.2023
S014_S003,S014,S003,14.722,33.88,5.97,33.36,41.74,44.48,normal,3.5074,0.1748
S003_S016,S003,S016,6.073,14.56,3.3,14.21,18.93,20.53,normal,2.6536,0.2238
S016_S003,S016,S003,6.073,15.05,3.01,14.75,19.02,20.44,normal,2.6914,0.1983
S003_S017,S003,S017,6.831,18.35,4.74,17.77,24.62,27.0,heavy,2.8773,0.2544
S017_S003,S017,S003,6.831,17.06,5.06,16.36,23.74,26.38,heavy,2.7949,0.2903
S003_S018,S003,S018,6.088,10.42,3.17,9.97,14.6,16.26,light,2.2999,0.2973
S018_S003,S018,S003,6.088,11.02,3.34,10.55,15.42,17.17,light,2.3557,0.2962
S003_S019,S003,S019,4.624,9.37,1.42,9.26,11.23,11.86,normal,2.2262,0.1503
S019_S003,S019,S003,4.624,9.07,1.39,8.96,10.89,11.51,normal,2.1932,0.1519
S003_S022,S003,S022,12.208,18.39,5.83,17.53,26.07,29.17,normal,2.8638,0.3096
S022_S003,S022,S003,12.208,19.12,5.89,18.27,26.87,29.97,normal,2.9053,0.3009
S003_S023,S003,S023,6.708,11.82,2.29,11.6,14.84,15.91,normal,2.4509,0.1923
S023_S003,S023,S003,6.708,11.39,2.29,11.16,14.41,15.49,normal,2.4127,0.1989
S003_S024,S003,S024,10.435,21.03,5.97,20.23,28.9,31.97,normal,3.0071,0.2783
S024_S003,S024,S003,10.435,21.78,6.37,20.9,30.18,33.49,normal,3.0399,0.2866
S003_S026,S003,S026,6.927,8.75,3.03,8.26,12.72,14.37,light,2.112,0.3364
S026_S003,S026,S003,6.927,9.32,3.08,8.84,13.37,15.03,light,2.1797,0.3224
S003_S027,S003,S027,13.145,22.37,3.73,22.06,27.28,28.97,normal,3.0939,0.1656
S027_S003,S027,S003,13.145,21.06,3.7,20.75,25.95,27.64,normal,3.0324,0.1744
S003_S028,S003,S028,4.287,11.18,2.53,10.91,14.52,15.74,normal,2.3894,0.223
S028_S003,S028,S003,4.287,11.1,2.44,10.84,14.33,15.51,normal,2.3834,0.2175
S003_S029,S003,S029,6.961,14.24,2.93,13.95,18.1,19.49,heavy,2.6353,0.2035
S029_S003,S029,S003,6.961,13.68,2.68,13.42,17.22,18.48,heavy,2.5967,0.1944
S003_S031,S003,S031,9.686,25.96,6.69,25.14,34.8,38.16,normal,3.2244,0.2537
S031_S003,S031,S003,9.686,24.81,6.12,24.09,32.89,35.93,normal,3.1819,0.2429
S003_S032,S003,S032,12.147,23.91,3.78,23.62,28.89,30.59,heavy,3.1621,0.1571
S032_S003,S032,S003,12.147,25.63,3.55,25.39,30.3,31.86,heavy,3.2344,0.1379
S003_S033,S003,S033,5.205,13.94,2.52,13.72,17.25,18.41,normal,2.6186,0.179
S033_S003,S033,S003,5.205,13.88,2.32,13.69,16.94,17.99,normal,2.6166,0.1661
S003_S034,S003,S034,16.323,23.91,5.81,23.24,31.59,34.46,normal,3.1458,0.2395
S034_S003,S034,S003,16.323,24.94,5.43,24.37,32.1,34.71,normal,3.1932,0.2151
S003_S037,S003,S037,10.409,24.69,7.4,23.65,34.45,38.31,heavy,3.1635,0.2932
S037_S003,S037,S003,10.409,25.79,6.9,24.91,34.9,38.39,heavy,3.2154,0.2629
S003_S038,S003,S038,5.029,10.69,2.84,10.33,14.44,15.88,normal,2.3354,0.2612
S038_S003,S038,S003,5.029,10.82,3.07,10.41,14.88,16.46,normal,2.3428,0.2785
S003_S039,S003,S039,13.211,36.27,12.27,34.35,52.39,59.04,heavy,3.5367,0.3292
S039_S003,S039,S003,13.211,33.81,12.74,31.64,50.47,57.6,heavy,3.4543,0.3643
S003_S041,S003,S041,7.937,13.79,2.35,13.59,16.88,17.95,normal,2.6093,0.1692
S041_S003,S041,S003,7.937,14.56,2.4,14.37,17.71,18.8,normal,2.6648,0.1635
S003_S042,S003,S042,9.201,19.21,6.66,18.15,27.96,31.6,light,2.8989,0.337
S042_S003,S042,S003,9.201,18.75,6.57,17.69,27.36,30.96,light,2.873,0.3403
S003_S043,S003,S043,1.205,2.46,0.62,2.38,3.27,3.58,normal,0.8689,0.2474
S043_S003,S043,S003,1.205,2.27,0.61,2.19,3.07,3.38,normal,0.7837,0.2634
S003_S044,S003,S044,7.573,14.29,3.38,13.9,18.75,20.41,normal,2.6321,0.2335
S044_S003,S044,S003,7.573,14.6,3.6,14.17,19.36,21.15,normal,2.6512,0.2433
S003_S046,S003,S046,5.841,9.7,2.3,9.43,12.73,13.86,normal,2.2443,0.2339
S046_S003,S046,S003,5.841,9.88,2.49,9.58,13.17,14.41,normal,2.2592,0.2484
S003_S047,S003,S047,12.536,20.06,4.87,19.49,26.5,28.91,normal,2.9701,0.2395
S047_S003,S047,S003,12.536,20.36,4.7,19.84,26.57,28.86,normal,2.9875,0.2279
S003_S048,S003,S048,0.883,1.97,0.66,1.87,2.84,3.2,normal,0.6242,0.3279
S048_S003,S048,S003,0.883,2.09,0.63,2.0,2.92,3.25,normal,0.6938,0.2947
S003_S049,S003,S049,7.443,19.27,5.24,18.59,26.19,28.85,heavy,2.9227,0.2672
S049_S003,S049,S003,7.443,18.76,5.24,18.07,25.67,28.35,heavy,2.8943,0.2738
S003_S052,S003,S052,11.481,24.17,5.98,23.46,32.07,35.04,normal,3.1554,0.2438
S052_S003,S052,S003,11.481,25.32,5.79,24.68,32.97,35.79,normal,3.2061,0.2258
S003_S053,S003,S053,5.815,8.81,2.56,8.46,12.18,13.51,normal,2.1353,0.2844
S053_S003,S053,S003,5.815,8.89,2.57,8.54,12.27,13.6,normal,2.1446,0.2829
S003_S054,S003,S054,5.875,18.43,3.65,18.08,23.26,24.98,heavy,2.8948,0.1964
S054_S003,S054,S003,5.875,18.4,3.84,18.01,23.47,25.3,heavy,2.8909,0.2067
S003_S056,S003,S056,7.239,16.37,4.57,15.77,22.41,24.75,heavy,2.7581,0.274
S056_S003,S056,S003,7.239,16.24,4.13,15.74,21.69,23.76,heavy,2.756,0.2504
S003_S057,S003,S057,9.991,21.5,4.96,20.95,28.06,30.47,normal,3.042,0.2279
S057_S003,S057,S003,9.991,20.83,5.04,20.25,27.5,29.98,normal,3.008,0.2387
S003_S058,S003,S058,5.689,14.64,3.75,14.19,19.6,21.48,heavy,2.6523,0.2521
S058_S003,S058,S003,5.689,15.81,3.79,15.37,20.81,22.68,heavy,2.7326,0.2364
S003_S059,S003,S059,13.731,28.37,6.83,27.59,37.4,40.76,normal,3.3173,0.2374
S059_S003,S059,S003,13.731,27.25,6.31,26.54,35.58,38.66,normal,3.2787,0.2287
S003_S062,S003,S062,9.669,22.44,3.9,22.11,27.58,29.37,normal,3.0959,0.1726
S062_S003,S062,S003,9.669,21.33,4.09,20.95,26.73,28.63,normal,3.0422,0.1899
S003_S063,S003,S063,3.807,8.3,2.22,8.01,11.23,12.36,normal,2.0812,0.2633
S063_S003,S063,S003,3.807,8.93,2.37,8.64,12.06,13.26,normal,2.1559,0.2608
S003_S064,S003,S064,6.884,14.79,3.29,14.44,19.13,20.72,normal,2.67,0.2195
S064_S003,S064,S003,6.884,13.64,3.31,13.26,18.01,19.64,normal,2.5845,0.2391
S003_S066,S003,S066,12.175,26.58,9.17,25.12,38.61,43.61,normal,3.2238,0.3352
S066_S003,S066,S003,12.175,25.69,9.98,23.95,38.73,44.37,normal,3.176,0.3748
S003_S067,S003,S067,12.295,28.65,8.61,27.44,40.01,44.51,heavy,3.312,0.2941
S067_S003,S067,S003,12.295,30.36,8.74,29.18,41.89,46.41,heavy,3.3734,0.2821
S003_S068,S003,S068,1.278,2.44,0.58,2.38,3.21,3.5,normal,0.8658,0.2348
S068_S003,S068,S003,1.278,2.63,0.55,2.57,3.36,3.62,normal,0.9435,0.2083
S003_S069,S003,S069,9.874,12.84,2.22,12.65,15.76,16.77,light,2.5375,0.1715
S069_S003,S069,S003,9.874,12.63,2.03,12.47,15.3,16.22,light,2.5234,0.1596
S003_S071,S003,S071,12.179,28.52,4.58,28.16,34.56,36.62,heavy,3.3379,0.1597
S071_S003,S071,S003,12.179,29.94,5.0,29.53,36.52,38.79,heavy,3.3855,0.1657
S003_S072,S003,S072,7.62,26.04,5.2,25.53,32.9,35.35,heavy,3.24,0.1977
S072_S003,S072,S003,7.62,26.48,5.5,25.93,33.74,36.36,heavy,3.2553,0.2055
S003_S073,S003,S073,5.961,18.21,4.64,17.65,24.33,26.65,heavy,2.8707,0.2505
S073_S003,S073,S003,5.961,19.4,4.45,18.91,25.28,27.44,heavy,2.9398,0.2263
S003_S074,S003,S074,11.97,21.27,5.01,20.7,27.89,30.35,normal,3.0301,0.2326
S074_S003,S074,S003,11.97,21.68,5.12,21.1,28.45,30.96,normal,3.0492,0.2332
S004_S005,S004,S005,8.708,14.2,4.82,13.44,20.53,23.14,normal,2.5984,0.3303
S005_S004,S005,S004,8.708,14.48,4.59,13.8,20.53,22.97,normal,2.625,0.3096
S004_S008,S004,S008,7.991,17.25,3.42,16.92,21.76,23.37,light,2.8287,0.1961
S008_S004,S008,S004,7.991,16.3,3.35,15.97,20.73,22.32,light,2.7707,0.2035
S004_S009,S004,S009,4.248,6.05,1.48,5.88,8.01,8.74,light,1.7718,0.2405
S009_S004,S009,S004,4.248,5.79,1.54,5.6,7.83,8.6,light,1.7228,0.261
S004_S010,S004,S010,4.349,7.24,1.74,7.04,9.54,10.4,normal,1.951,0.2374
S010_S004,S010,S004,4.349,7.73,1.84,7.52,10.16,11.07,normal,2.0172,0.2352
S004_S013,S004,S013,11.992,28.16,7.95,27.1,38.64,42.72,heavy,3.2994,0.2768
S013_S004,S013,S004,11.992,27.82,8.02,26.73,38.4,42.54,heavy,3.2858,0.2825
S004_S014,S004,S014,9.318,16.0,5.31,15.18,22.97,25.83,normal,2.7201,0.3231
S014_S004,S014,S004,9.318,14.9,4.95,14.14,21.41,24.08,normal,2.6489,0.3236
S004_S015,S004,S015,8.907,18.98,5.69,18.19,26.49,29.47,normal,2.9006,0.2934
S015_S004,S015,S004,8.907,18.8,5.66,18.0,26.26,29.22,normal,2.8905,0.2944
S004_S018,S004,S018,12.606,26.93,6.21,26.25,35.13,38.16,normal,3.2675,0.2275
S018_S004,S018,S004,12.606,26.94,6.2,26.25,35.13,38.15,normal,3.2677,0.2272
S004_S019,S004,S019,2.487,8.53,1.35,8.43,10.31,10.91,heavy,2.1316,0.157
S019_S004,S019,S004,2.487,8.85,1.38,8.75,10.67,11.28,heavy,2.1689,0.1545
S004_S020,S004,S020,5.606,12.7,2.49,12.46,15.98,17.14,light,2.5225,0.1939
S020_S004,S020,S004,5.606,13.71,2.57,13.48,17.1,18.3,light,2.6009,0.1859
S004_S023,S004,S023,13.165,38.93,6.15,38.46,47.04,49.8,heavy,3.6495,0.1571
S023_S004,S023,S004,13.165,38.75,6.34,38.24,47.1,49.96,heavy,3.6439,0.1625
S004_S024,S004,S024,7.011,14.08,2.62,13.85,17.55,18.76,heavy,2.628,0.1847
S024_S004,S024,S004,7.011,14.39,2.62,14.15,17.84,19.05,heavy,2.65,0.1806
S004_S025,S004,S025,3.783,9.53,2.09,9.31,12.29,13.3,normal,2.2306,0.217
S025_S004,S025,S004,3.783,9.25,1.93,9.06,11.8,12.71,normal,2.2039,0.206
S004_S028,S004,S028,10.469,24.91,5.79,24.26,32.56,35.38,normal,3.189,0.2293
S028_S004,S028,S004,10.469,24.07,6.3,23.28,32.39,35.56,normal,3.1476,0.2576
S004_S029,S004,S029,6.956,14.72,3.83,14.25,19.78,21.7,heavy,2.6566,0.2558
S029_S004,S029,S004,6.956,13.75,3.64,13.29,18.56,20.39,heavy,2.5873,0.2601
S004_S030,S004,S030,3.446,7.23,2.2,6.91,10.13,11.28,light,1.9334,0.2978
S030_S004,S030,S004,3.446,7.41,2.22,7.1,10.33,11.49,light,1.9597,0.2931
S004_S033,S004,S033,10.345,20.51,3.85,20.16,25.58,27.37,normal,3.0036,0.1859
S033_S004,S033,S004,10.345,20.91,3.84,20.57,25.98,27.76,normal,3.0237,0.1823
S004_S034,S004,S034,11.503,22.38,3.59,22.1,27.1,28.72,normal,3.0954,0.1593
S034_S004,S034,S004,11.503,22.56,3.89,22.23,27.69,29.47,normal,3.1013,0.1714
S004_S035,S004,S035,9.56,15.85,4.59,15.22,21.9,24.28,light,2.7228,0.2838
S035_S004,S035,S004,9.56,14.65,4.71,13.95,20.85,23.37,light,2.6356,0.3135
S004_S038,S004,S038,10.558,16.68,4.87,16.01,23.1,25.63,normal,2.7731,0.286
S038_S004,S038,S004,10.558,16.81,4.92,16.14,23.3,25.85,normal,2.781,0.2866
S004_S039,S004,S039,10.56,35.84,12.49,33.85,52.24,59.06,heavy,3.5218,0.3385
S039_S004,S039,S004,10.56,35.62,11.53,33.89,50.8,56.97,heavy,3.5231,0.3158
S004_S040,S004,S040,4.839,7.51,1.88,7.29,9.99,10.92,normal,1.9865,0.2459
S040_S004,S040,S004,4.839,7.52,1.79,7.32,9.89,10.77,normal,1.9906,0.2348
S004_S043,S004,S043,7.661,11.88,4.11,11.23,17.28,19.52,normal,2.4183,0.3363
S043_S004,S043,S004,7.661,11.8,3.82,11.22,16.82,18.87,normal,2.4181,0.3157
S004_S044,S004,S044,5.536,12.87,3.47,12.42,17.45,19.21,normal,2.5195,0.2651
S044_S004,S044,S004,5.536,13.62,3.32,13.23,18.0,19.64,normal,2.5825,0.2401
S004_S045,S004,S045,10.752,17.07,3.98,16.62,22.32,24.26,normal,2.8107,0.2299
S045_S004,S045,S004,10.752,16.43,3.58,16.05,21.16,22.88,normal,2.776,0.2154
S004_S048,S004,S048,7.125,15.8,5.02,15.06,22.41,25.08,heavy,2.7121,0.3099
S048_S004,S048,S004,7.125,16.73,4.96,16.03,23.27,25.86,heavy,2.7747,0.2905
S004_S049,S004,S049,5.108,13.06,2.83,12.76,16.79,18.15,heavy,2.5465,0.214
S049_S004,S049,S004,5.108,12.96,2.73,12.69,16.56,17.86,heavy,2.5406,0.208
S004_S050,S004,S050,10.157,23.64,6.85,22.71,32.67,36.22,normal,3.1229,0.2837
S050_S004,S050,S004,10.157,23.2,7.33,22.12,32.86,36.75,normal,3.0967,0.3085
S004_S053,S004,S053,11.509,22.85,4.88,22.35,29.3,31.64,normal,3.1068,0.2113
S053_S004,S053,S004,11.509,23.6,5.19,23.06,30.45,32.95,normal,3.1379,0.2171
S004_S054,S004,S054,7.031,14.19,4.01,13.66,19.49,21.55,normal,2.6143,0.2773
S054_S004,S054,S004,7.031,14.18,3.64,13.74,18.99,20.82,normal,2.6201,0.2527
S004_S055,S004,S055,9.181,14.61,3.92,14.11,19.78,21.77,light,2.6471,0.2634
S055_S004,S055,S004,9.181,15.49,3.87,15.02,20.6,22.52,light,2.7097,0.2461
S004_S058,S004,S058,11.881,21.92,5.29,21.31,28.91,31.52,normal,3.0591,0.238
S058_S004,S058,S004,11.881,20.67,5.68,19.93,28.18,31.08,normal,2.9924,0.27
S004_S059,S004,S059,10.274,14.89,2.46,14.69,18.13,19.24,normal,2.6873,0.1639
S059_S004,S059,S004,10.274,14.51,2.55,14.29,17.87,19.04,normal,2.6593,0.1745
S004_S060,S004,S060,11.731,20.11,6.44,19.15,28.6,32.03,normal,2.9525,0.3126
S060_S004,S060,S004,11.731,21.27,6.29,20.4,29.56,32.84,normal,3.0153,0.2895
S004_S063,S004,S063,10.078,21.34,6.27,20.48,29.61,32.87,normal,3.0193,0.2877
S063_S004,S063,S004,10.078,22.61,5.69,21.93,30.12,32.96,normal,3.0879,0.2476
S004_S064,S004,S064,1.776,4.56,1.26,4.4,6.22,6.87,normal,1.4806,0.2712
S064_S004,S064,S004,1.776,4.92,1.32,4.75,6.67,7.34,normal,1.5591,0.2638
S004_S065,S004,S065,5.66,9.41,1.6,9.28,11.51,12.24,light,2.2275,0.1685
S065_S004,S065,S004,5.66,9.32,1.66,9.18,11.51,12.27,light,2.2171,0.1765
S004_S068,S004,S068,6.825,8.69,1.38,8.58,10.51,11.13,light,2.1494,0.1582
S068_S004,S068,S004,6.825,8.4,1.35,8.29,10.18,10.78,light,2.1156,0.1595
S004_S069,S004,S069,7.3,17.58,4.5,17.03,23.53,25.79,normal,2.8351,0.2522
S069_S004,S069,S004,7.3,16.65,4.13,16.16,22.1,24.15,normal,2.7828,0.2441
S004_S070,S004,S070,4.269,6.5,1.78,6.27,8.85,9.76,normal,1.8353,0.269
S070_S004,S070,S004,4.269,6.5,1.81,6.26,8.88,9.81,normal,1.8337,0.2734
S004_S073,S004,S073,12.36,27.83,7.73,26.82,38.03,41.98,normal,3.2891,0.2724
S073_S004,S073,S004,12.36,26.74,6.97,25.88,35.95,39.45,normal,3.2535,0.2563
S004_S074,S004,S074,8.813,13.88,4.58,13.18,19.91,22.38,normal,2.5788,0.3217
S074_S004,S074,S004,8.813,12.94,4.99,12.07,19.46,22.27,normal,2.4905,0.3726
S004_S075,S004,S075,7.751,15.04,3.16,14.72,19.2,20.71,heavy,2.689,0.2076
S075_S004,S075,S004,7.751,15.49,3.13,15.19,19.62,21.1,heavy,2.7205,0.1999
S005_S007,S005,S007,7.761,22.42,7.84,21.16,32.71,37.01,heavy,3.0521,0.3398
S007_S005,S007,S005,7.761,21.01,7.66,19.74,31.04,35.29,heavy,2.9825,0.3532
S005_S009,S005,S009,12.918,26.56,5.56,26.0,33.9,36.54,normal,3.2581,0.2069
S009_S005,S009,S005,12.918,25.69,6.09,25.0,33.73,36.72,normal,3.2189,0.2337
S005_S010,S005,S010,5.073,7.36,1.51,7.21,9.35,10.06,light,1.9752,0.2028
S010_S005,S010,S005,5.073,7.84,1.58,7.69,9.93,10.68,light,2.0395,0.1997
S005_S012,S005,S012,3.485,5.41,1.79,5.14,7.76,8.72,normal,1.6362,0.3221
S012_S005,S012,S005,3.485,5.5,1.74,5.25,7.79,8.71,normal,1.6576,0.308
S005_S014,S005,S014,16.751,28.94,7.93,27.91,39.41,43.46,normal,3.3289,0.2692
S014_S005,S014,S005,16.751,30.12,8.36,29.02,41.15,45.43,normal,3.3681,0.2724
S005_S015,S005,S015,7.551,10.81,1.92,10.65,13.34,14.22,light,2.3652,0.176
S015_S005,S015,S005,7.551,11.51,1.97,11.34,14.11,15.01,light,2.4287,0.1702
S005_S017,S005,S017,6.375,13.57,3.23,13.21,17.85,19.43,normal,2.5806,0.2349
S017_S005,S017,S005,6.375,14.08,2.97,13.78,18.0,19.41,normal,2.623,0.2085
S005_S019,S005,S019,10.176,29.54,8.85,28.3,41.21,45.84,heavy,3.3429,0.2931
S019_S005,S019,S005,10.176,28.13,9.35,26.69,40.43,45.47,heavy,3.2843,0.3239
S005_S020,S005,S020,9.381,14.24,3.18,13.9,18.44,19.97,normal,2.6317,0.2205
S020_S005,S020,S005,9.381,14.99,3.02,14.7,18.98,20.41,normal,2.6876,0.1997
S005_S022,S005,S022,1.857,2.89,0.71,2.81,3.84,4.19,normal,1.0335,0.2427
S022_S005,S022,S005,1.857,3.01,0.69,2.93,3.92,4.26,normal,1.076,0.2264
S005_S024,S005,S024,15.677,52.25,17.9,49.43,75.76,85.49,heavy,3.9005,0.3331
S024_S005,S024,S005,15.677,54.37,16.92,51.92,76.66,85.61,heavy,3.9497,0.304
S005_S025,S005,S025,11.185,18.89,5.38,18.17,25.99,28.76,normal,2.8996,0.2793
S025_S005,S025,S005,11.185,20.3,5.71,19.54,27.84,30.77,normal,2.9727,0.2759
S005_S027,S005,S027,5.616,9.77,3.01,9.34,13.74,15.32,light,2.234,0.3012
S027_S005,S027,S005,5.616,9.4,2.78,9.02,13.07,14.52,light,2.1989,0.2899
S005_S029,S005,S029,15.126,30.9,9.26,29.6,43.11,47.96,normal,3.3877,0.2934
S029_S005,S029,S005,15.126,31.32,9.86,29.87,44.31,49.54,normal,3.3969,0.3075
S005_S030,S005,S030,7.802,11.47,1.97,11.31,14.07,14.96,normal,2.4253,0.1704
S030_S005,S030,S005,7.802,11.42,2.02,11.24,14.08,15.0,normal,2.4199,0.1752
S005_S032,S005,S032,2.069,3.04,0.65,2.97,3.9,4.22,normal,1.0884,0.2132
S032_S005,S032,S005,2.069,3.11,0.67,3.04,4.0,4.32,normal,1.1116,0.2139
S005_S035,S005,S035,0.859,2.23,0.65,2.14,3.08,3.41,heavy,0.7594,0.2844
S035_S005,S035,S005,0.859,2.09,0.59,2.01,2.86,3.16,heavy,0.6985,0.2757
S005_S037,S005,S037,4.902,10.99,3.84,10.38,16.03,18.13,light,2.3395,0.3392
S037_S005,S037,S005,4.902,10.28,4.14,9.54,15.67,18.04,light,2.2555,0.3872
S005_S040,S005,S040,4.706,15.42,3.71,14.99,20.33,22.15,heavy,2.7077,0.2373
S040_S005,S040,S005,4.706,15.64,3.88,15.18,20.77,22.69,heavy,2.7199,0.2445
S005_S042,S005,S042,2.328,4.75,1.33,4.57,6.51,7.19,heavy,1.5198,0.2757
S042_S005,S042,S005,2.328,4.84,1.45,4.63,6.75,7.51,heavy,1.533,0.2937
S005_S044,S005,S044,14.126,41.46,11.94,39.85,57.22,63.39,heavy,3.685,0.2823
S044_S005,S044,S005,14.126,41.09,13.02,39.17,58.23,65.15,heavy,3.6679,0.3093
S005_S045,S005,S045,2.547,3.91,0.66,3.85,4.78,5.08,normal,1.3487,0.1687
S045_S005,S045,S005,2.547,3.94,0.73,3.87,4.89,5.23,normal,1.3532,0.1832
S005_S047,S005,S047,4.23,8.7,2.0,8.48,11.34,12.31,normal,2.1377,0.2267
S047_S005,S047,S005,4.23,9.35,2.18,9.11,12.23,13.29,normal,2.2092,0.2297
S005_S049,S005,S049,13.721,28.88,4.86,28.48,35.29,37.5,heavy,3.3492,0.1672
S049_S005,S049,S005,13.721,29.53,4.96,29.13,36.06,38.31,heavy,3.3717,0.1666
S005_S050,S005,S050,12.297,44.41,13.65,42.45,62.4,69.59,heavy,3.7484,0.3004
S050_S005,S050,S005,12.297,47.89,14.43,45.85,66.91,74.47,heavy,3.8253,0.2949
S005_S052,S005,S052,9.608,22.08,6.98,21.06,31.27,34.98,normal,3.0472,0.3085
S052_S005,S052,S005,9.608,22.39,7.41,21.25,32.14,36.13,normal,3.0565,0.3226
S005_S054,S005,S054,14.746,33.19,10.12,31.74,46.52,51.84,normal,3.4577,0.2981
S054_S005,S054,S005,14.746,30.55,10.84,28.79,44.77,50.73,normal,3.3599,0.3445
S005_S055,S005,S055,1.806,4.35,0.77,4.29,5.36,5.71,normal,1.4556,0.1747
S055_S005,S055,S005,1.806,4.56,0.71,4.51,5.49,5.81,normal,1.5056,0.154
S005_S057,S005,S057,2.379,3.63,0.64,3.57,4.47,4.77,normal,1.2738,0.175
S057_S005,S057,S005,2.379,3.8,0.61,3.75,4.6,4.87,normal,1.3219,0.1587
S005_S060,S005,S060,10.715,30.48,5.63,29.97,37.91,40.52,heavy,3.4002,0.1833
S060_S005,S060,S005,10.715,28.66,5.54,28.14,35.98,38.57,heavy,3.3371,0.1917
S005_S062,S005,S062,5.68,18.95,3.08,18.71,23.01,24.4,heavy,2.9289,0.1616
S062_S005,S062,S005,5.68,19.8,3.09,19.56,23.87,25.25,heavy,2.9735,0.1553
S005_S064,S005,S064,10.483,26.01,6.52,25.23,34.63,37.88,normal,3.2281,0.247
S064_S005,S064,S005,10.483,24.11,6.89,23.18,33.21,36.76,normal,3.1434,0.2803
S005_S065,S005,S065,11.093,16.92,4.3,16.4,22.6,24.75,normal,2.7971,0.2503
S065_S005,S065,S005,11.093,17.31,3.9,16.88,22.46,24.34,normal,2.8263,0.2225
S005_S067,S005,S067,5.436,10.49,3.35,9.99,14.9,16.69,heavy,2.3019,0.3117
S067_S005,S067,S005,5.436,10.8,3.34,10.32,15.21,16.98,heavy,2.334,0.3026
S005_S069,S005,S069,16.006,32.26,5.31,31.83,39.25,41.66,heavy,3.4603,0.1636
S069_S005,S069,S005,16.006,31.34,4.94,30.96,37.84,40.05,heavy,3.4326,0.1566
S005_S070,S005,S070,5.74,14.04,3.86,13.54,19.14,21.11,normal,2.6058,0.2699
S070_S005,S070,S005,5.74,13.78,3.94,13.25,18.97,21.0,normal,2.5838,0.2801
S005_S072,S005,S072,7.58,22.01,5.53,21.34,29.31,32.06,heavy,3.0608,0.2473
S072_S005,S072,S005,7.58,20.6,5.75,19.84,28.18,31.13,heavy,2.9876,0.2739
S005_S074,S005,S074,17.465,26.83,7.52,25.84,36.75,40.61,normal,3.2518,0.2749
S074_S005,S074,S005,17.465,27.78,7.09,26.92,37.14,40.69,normal,3.2927,0.2512
S005_S075,S005,S075,9.645,18.65,3.65,18.3,23.47,25.18,normal,2.907,0.1939
S075_S005,S075,S005,9.645,19.63,3.58,19.31,24.34,25.99,normal,2.9606,0.1807
S006_S007,S006,S007,15.333,25.14,5.34,24.59,32.2,34.75,normal,3.2024,0.2102
S007_S006,S007,S006,15.333,25.8,5.21,25.29,32.68,35.14,normal,3.2306,0.1998
S006_S008,S006,S008,15.446,49.94,16.71,47.36,71.91,80.94,heavy,3.8578,0.3258
S008_S006,S008,S006,15.446,46.67,15.32,44.35,66.84,75.07,heavy,3.792,0.32
S006_S011,S006,S011,3.14,6.15,1.84,5.89,8.57,9.53,normal,1.7736,0.2925
S011_S006,S011,S006,3.14,6.46,1.86,6.2,8.91,9.87,normal,1.8252,0.2822
S006_S013,S006,S013,11.153,19.84,5.2,19.19,26.71,29.34,normal,2.9544,0.258
S013_S006,S013,S006,11.153,20.38,5.11,19.77,27.13,29.68,normal,2.984,0.247
S006_S016,S006,S016,11.977,18.21,6.16,17.25,26.3,29.64,normal,2.8476,0.3291
S016_S006,S016,S006,11.977,19.28,6.43,18.29,27.73,31.21,normal,2.9063,0.3248
S006_S017,S006,S017,15.779,22.89,6.18,22.09,31.04,34.18,normal,3.0953,0.2653
S017_S006,S017,S006,15.779,21.43,6.19,20.59,29.6,32.8,normal,3.025,0.283
S006_S018,S006,S018,11.818,38.15,9.4,37.04,50.57,55.22,heavy,3.612,0.2428
S018_S006,S018,S006,11.818,37.23,9.51,36.07,49.79,54.54,heavy,3.5856,0.2513
S006_S021,S006,S021,2.176,5.37,1.11,5.26,6.83,7.36,normal,1.6606,0.2036
S021_S006,S021,S006,2.176,5.64,1.18,5.52,7.2,7.76,normal,1.7078,0.2074
S006_S023,S006,S023,10.297,14.89,4.67,14.21,21.04,23.52,normal,2.6538,0.3064
S023_S006,S023,S006,10.297,15.31,4.72,14.63,21.53,24.02,normal,2.6828,0.3016
S006_S026,S006,S026,10.29,18.06,5.09,17.39,24.77,27.39,normal,2.8557,0.2762
S026_S006,S026,S006,10.29,17.39,4.76,16.77,23.67,26.1,normal,2.8198,0.2688
S006_S028,S006,S028,12.641,21.04,4.46,20.58,26.92,29.05,normal,3.0243,0.2095
S028_S006,S028,S006,12.641,20.54,4.17,20.12,26.04,28.01,normal,3.0019,0.2011
S006_S031,S006,S031,7.886,16.18,4.55,15.57,22.18,24.52,light,2.7454,0.2761
S031_S006,S031,S006,7.886,15.25,4.67,14.58,21.41,23.87,light,2.6796,0.2997
S006_S033,S006,S033,16.626,59.55,17.82,57.05,83.04,92.36,heavy,4.044,0.2928
S033_S006,S033,S006,16.626,58.37,17.65,55.87,81.64,90.89,heavy,4.0231,0.2958
S006_S036,S006,S036,3.483,8.31,1.76,8.13,10.64,11.48,normal,2.0955,0.21
S036_S006,S036,S006,3.483,8.68,1.79,8.5,11.04,11.89,normal,2.1401,0.2039
S006_S037,S006,S037,17.703,60.51,9.71,59.74,73.29,77.66,heavy,4.09,0.1595
S037_S006,S037,S006,17.703,62.97,8.84,62.36,74.59,78.47,heavy,4.1329,0.1397
S006_S038,S006,S038,15.885,40.33,9.62,39.23,53.05,57.78,normal,3.6695,0.2353
S038_S006,S038,S006,15.885,40.24,9.51,39.16,52.81,57.47,normal,3.6677,0.2332
S006_S041,S006,S041,10.416,30.72,9.25,29.42,42.91,47.75,heavy,3.3816,0.2945
S041_S006,S041,S006,10.416,29.96,8.53,28.82,41.21,45.61,heavy,3.3609,0.2791
S006_S043,S006,S043,16.026,27.04,7.26,26.11,36.63,40.31,normal,3.2624,0.264
S043_S006,S043,S006,16.026,27.76,6.6,27.01,36.48,39.73,normal,3.2961,0.2346
S006_S046,S006,S046,11.542,31.26,8.44,30.18,42.4,46.68,heavy,3.4072,0.2651
S046_S006,S046,S006,11.542,29.78,9.19,28.46,41.89,46.73,heavy,3.3485,0.3015
S006_S048,S006,S048,16.623,26.71,8.09,25.56,37.36,41.61,normal,3.241,0.2962
S048_S006,S048,S006,16.623,25.97,7.29,25.01,35.59,39.34,normal,3.2191,0.2754
S006_S051,S006,S051,4.754,10.42,1.93,10.25,12.97,13.86,heavy,2.3273,0.1836
S051_S006,S051,S006,4.754,10.48,1.83,10.32,12.88,13.72,heavy,2.3344,0.1729
S006_S052,S006,S052,13.443,24.31,6.9,23.39,33.41,36.96,normal,3.1523,0.2781
S052_S006,S052,S006,13.443,22.65,7.39,21.53,32.38,36.35,normal,3.0695,0.3183
S006_S053,S006,S053,11.626,41.22,6.34,40.74,49.56,52.39,heavy,3.7072,0.1529
S053_S006,S053,S006,11.626,43.61,6.43,43.14,52.06,54.91,heavy,3.7644,0.1467
S006_S056,S006,S056,9.763,23.63,6.9,22.68,32.73,36.31,heavy,3.1215,0.286
S056_S006,S056,S006,9.763,22.83,6.77,21.89,31.75,35.28,heavy,3.0861,0.2901
S006_S058,S006,S058,11.22,16.29,3.0,16.02,20.25,21.64,normal,2.7738,0.1828
S058_S006,S058,S006,11.22,16.19,3.12,15.89,20.3,21.75,normal,2.7659,0.1908
S006_S061,S006,S061,2.221,3.88,0.92,3.77,5.09,5.54,light,1.3272,0.2341
S061_S006,S061,S006,2.221,3.72,0.94,3.6,4.95,5.42,light,1.2819,0.248
S006_S062,S006,S062,16.622,30.71,7.04,29.93,40.0,43.42,normal,3.3989,0.2262
S062_S006,S062,S006,16.622,31.91,6.64,31.24,40.69,43.85,normal,3.4418,0.206
S006_S063,S006,S063,14.627,23.35,3.86,23.04,28.44,30.18,normal,3.1372,0.1642
S063_S006,S063,S006,14.627,21.91,3.87,21.58,27.01,28.78,normal,3.0716,0.1752
S006_S066,S006,S066,4.967,7.43,1.63,7.26,9.59,10.37,normal,1.9818,0.2173
S066_S006,S066,S006,4.967,7.12,1.52,6.96,9.12,9.85,normal,1.94,0.211
S006_S068,S006,S068,16.278,37.64,10.18,36.34,51.09,56.26,normal,3.5929,0.2657
S068_S006,S068,S006,16.278,35.09,11.1,33.45,49.71,55.6,normal,3.5101,0.3089
S006_S071,S006,S071,7.61,17.84,4.33,17.33,23.56,25.69,heavy,2.8526,0.2393
S071_S006,S071,S006,7.61,18.35,4.66,17.79,24.51,26.84,heavy,2.8785,0.25
S006_S072,S006,S072,14.435,24.85,8.63,23.47,36.18,40.89,normal,3.1557,0.3375
S072_S006,S072,S006,14.435,26.29,8.85,24.92,37.92,42.71,normal,3.2157,0.3275
S006_S073,S006,S073,10.935,26.22,4.29,25.88,31.88,33.81,normal,3.2534,0.1626
S073_S006,S073,S006,10.935,26.77,4.55,26.4,32.76,34.83,normal,3.2732,0.1686
S007_S008,S007,S008,10.983,26.3,5.8,25.68,33.95,36.75,heavy,3.2458,0.2178
S008_S007,S008,S007,10.983,25.5,5.74,24.88,33.08,35.86,heavy,3.214,0.2223
S007_S010,S007,S010,11.76,41.17,13.02,39.25,58.32,65.23,heavy,3.67,0.3088
S010_S007,S010,S007,11.76,42.12,14.27,39.9,60.87,68.6,heavy,3.6863,0.3295
S007_S011,S007,S011,16.918,42.64,11.46,41.18,57.77,63.58,normal,3.7179,0.2641
S011_S007,S011,S007,16.918,42.39,11.59,40.89,57.69,63.59,normal,3.7108,0.2685
S007_S012,S007,S012,8.39,17.96,5.91,17.06,25.74,28.91,heavy,2.8368,0.3207
S012_S007,S012,S007,8.39,19.14,6.0,18.26,27.03,30.21,heavy,2.9047,0.3061
S007_S013,S007,S013,9.751,22.71,6.15,21.92,30.83,33.96,normal,3.0873,0.2662
S013_S007,S013,S007,9.751,24.37,6.09,23.64,32.42,35.45,normal,3.1631,0.2462
S007_S015,S007,S015,15.306,24.03,7.63,22.9,34.08,38.13,normal,3.1313,0.3099
S015_S007,S015,S007,15.306,22.43,7.85,21.17,32.74,37.04,normal,3.0527,0.34
S007_S016,S007,S016,6.948,24.7,7.2,23.71,34.2,37.94,heavy,3.1661,0.2856
S016_S007,S016,S007,6.948,24.8,7.36,23.77,34.5,38.34,heavy,3.1685,0.2905
S007_S017,S007,S017,4.526,12.52,4.18,11.88,18.01,20.27,heavy,2.4746,0.3248
S017_S007,S017,S007,4.526,12.34,4.04,11.72,17.66,19.83,heavy,2.4617,0.3193
S007_S018,S007,S018,12.789,22.6,6.96,21.6,31.76,35.43,normal,3.0725,0.3009
S018_S007,S018,S007,12.789,22.0,6.72,21.04,30.86,34.39,normal,3.0464,0.2987
S007_S020,S007,S020,16.434,29.74,6.76,29.0,38.67,41.95,normal,3.3672,0.2245
S020_S007,S020,S007,16.434,30.8,6.97,30.04,40.01,43.39,normal,3.4026,0.2235
S007_S021,S007,S021,15.796,23.62,7.67,22.46,33.71,37.82,normal,3.1119,0.3166
S021_S007,S021,S007,15.796,22.04,7.92,20.74,32.42,36.79,normal,3.032,0.3485
S007_S022,S007,S022,7.331,14.72,3.12,14.4,18.84,20.33,heavy,2.6673,0.2097
S022_S007,S022,S007,7.331,13.85,3.25,13.48,18.14,19.74,heavy,2.6013,0.2317
S007_S023,S007,S023,11.11,28.13,7.36,27.22,37.86,41.57,normal,3.3038,0.2575
S023_S007,S023,S007,11.11,29.45,7.83,28.46,39.78,43.74,normal,3.3484,0.2613
S007_S025,S007,S025,17.066,28.92,9.13,27.58,40.95,45.8,normal,3.3171,0.3083
S025_S007,S025,S007,17.066,31.22,9.89,29.77,44.24,49.49,normal,3.3934,0.3091
S007_S026,S007,S026,8.401,21.12,6.0,20.31,29.03,32.12,normal,3.0113,0.2786
S026_S007,S026,S007,8.401,19.49,5.77,18.69,27.1,30.11,normal,2.9279,0.2899
S007_S027,S007,S027,4.032,7.96,1.74,7.78,10.26,11.09,heavy,2.0513,0.2158
S027_S007,S027,S007,4.032,7.57,1.91,7.34,10.09,11.05,heavy,1.9931,0.2487
S007_S028,S007,S028,9.379,19.06,3.99,18.65,24.32,26.22,light,2.9261,0.2069
S028_S007,S028,S007,9.379,19.08,4.02,18.67,24.39,26.3,light,2.9271,0.2083
S007_S030,S007,S030,14.337,23.39,5.97,22.66,31.28,34.27,normal,3.1208,0.2513
S030_S007,S030,S007,14.337,22.78,6.29,21.96,31.09,34.3,normal,3.0892,0.2711
S007_S031,S007,S031,13.09,43.07,9.7,42.01,55.89,60.59,heavy,3.738,0.2226
S031_S007,S031,S007,13.09,40.87,10.08,39.68,54.18,59.18,heavy,3.6808,0.243
S007_S032,S007,S032,6.908,16.22,5.36,15.4,23.27,26.16,heavy,2.7345,0.322
S032_S007,S032,S007,6.908,15.04,5.22,14.21,21.89,24.74,heavy,2.6538,0.3371
S007_S033,S007,S033,15.624,25.76,8.86,24.36,37.4,42.22,normal,3.1929,0.3344
S033_S007,S033,S007,15.624,24.87,9.3,23.3,37.04,42.24,normal,3.1484,0.3617
S007_S035,S007,S035,7.612,14.74,3.79,14.28,19.74,21.64,normal,2.6589,0.2527
S035_S007,S035,S007,7.612,15.84,4.0,15.36,21.13,23.12,normal,2.7318,0.2487
S007_S036,S007,S036,16.529,24.74,4.67,24.32,30.91,33.08,normal,3.1911,0.1872
S036_S007,S036,S007,16.529,26.52,5.12,26.03,33.28,35.67,normal,3.2594,0.1915
S007_S037,S007,S037,2.86,7.42,1.53,7.26,9.44,10.16,heavy,1.9829,0.2042
S037_S007,S037,S007,2.86,7.42,1.51,7.27,9.41,10.12,heavy,1.984,0.2009
S007_S038,S007,S038,15.104,35.9,6.82,35.27,44.9,48.08,normal,3.5631,0.1883
S038_S007,S038,S007,15.104,33.82,6.48,33.22,42.37,45.4,normal,3.5032,0.1898
S007_S040,S007,S040,11.596,19.98,6.49,19.0,28.52,31.99,normal,2.9445,0.3167
S040_S007,S040,S007,11.596,21.37,6.76,20.37,30.27,33.87,normal,3.0141,0.309
S007_S041,S007,S041,6.65,10.49,1.84,10.34,12.91,13.75,light,2.3357,0.1736
S041_S007,S041,S007,6.65,10.94,1.75,10.8,13.24,14.03,light,2.3794,0.1592
S007_S042,S007,S042,9.119,18.42,3.31,18.13,22.77,24.29,heavy,2.8974,0.178
S042_S007,S042,S007,9.119,17.21,3.58,16.85,21.94,23.64,heavy,2.8246,0.2056
S007_S043,S007,S043,11.642,24.6,8.04,23.38,35.18,39.5,heavy,3.152,0.3187
S043_S007,S043,S007,11.642,24.26,7.88,23.08,34.63,38.85,heavy,3.139,0.3165
S007_S045,S007,S045,8.973,15.52,3.53,15.14,20.18,21.9,light,2.7172,0.2244
S045_S007,S045,S007,8.973,15.21,3.19,14.89,19.43,20.95,light,2.7006,0.2077
S007_S046,S007,S046,7.985,11.8,3.75,11.24,16.73,18.73,normal,2.4196,0.3102
S046_S007,S046,S007,7.985,12.35,3.48,11.88,16.93,18.72,normal,2.4751,0.2763
S007_S047,S007,S047,4.808,10.4,3.29,9.92,14.73,16.47,normal,2.2942,0.3085
S047_S007,S047,S007,4.808,10.83,3.27,10.37,15.14,16.85,normal,2.3389,0.295
S007_S048,S007,S048,11.879,28.05,9.29,26.63,40.26,45.27,heavy,3.2819,0.3226
S048_S007,S048,S007,11.879,26.95,9.91,25.3,39.93,45.44,heavy,3.2307,0.3561
S007_S051,S007,S051,13.473,24.51,7.24,23.51,34.07,37.84,normal,3.1574,0.2893
S051_S007,S051,S007,13.473,24.21,7.64,23.09,34.28,38.34,normal,3.1394,0.3082
S007_S052,S007,S052,1.966,4.41,0.77,4.34,5.42,5.78,normal,1.469,0.1731
S052_S007,S052,S007,1.966,4.35,0.81,4.28,5.43,5.81,normal,1.4538,0.1854
S007_S053,S007,S053,7.879,20.49,3.53,20.19,25.14,26.75,heavy,3.0054,0.1709
S053_S007,S053,S007,7.879,20.81,3.19,20.57,25.0,26.43,heavy,3.0238,0.1523
S007_S055,S007,S055,9.363,17.39,3.45,17.06,21.94,23.56,normal,2.8365,0.1965
S055_S007,S055,S007,9.363,16.81,3.11,16.53,20.9,22.34,normal,2.805,0.1832
S007_S056,S007,S056,11.191,31.2,8.24,30.16,42.08,46.24,heavy,3.4066,0.2597
S056_S007,S056,S007,11.191,32.02,7.56,31.16,41.99,45.7,heavy,3.4391,0.2328
S007_S057,S007,S057,5.401,6.64,1.09,6.55,8.07,8.56,light,1.8797,0.1625
S057_S007,S057,S007,5.401,6.52,1.08,6.44,7.94,8.43,light,1.8618,0.1643
S007_S058,S007,S058,9.406,16.26,5.63,15.36,23.65,26.72,normal,2.7319,0.3365
S058_S007,S058,S007,9.406,16.9,5.47,16.08,24.1,27.02,normal,2.7776,0.3155
S007_S061,S007,S061,16.883,43.38,8.6,42.55,54.73,58.77,normal,3.7507,0.1963
S061_S007,S061,S007,16.883,44.27,9.07,43.37,56.24,60.54,normal,3.7698,0.2027
S007_S062,S007,S062,2.326,3.23,0.7,3.16,4.16,4.49,light,1.1502,0.214
S062_S007,S062,S007,2.326,3.16,0.68,3.09,4.05,4.37,light,1.1267,0.2122
S007_S063,S007,S063,13.09,22.53,7.12,21.49,31.91,35.7,normal,3.0674,0.3086
S063_S007,S063,S007,13.09,22.41,7.4,21.27,32.14,36.12,normal,3.0575,0.3218
S007_S065,S007,S065,17.818,41.67,13.01,39.78,58.82,65.71,heavy,3.6833,0.3051
S065_S007,S065,S007,17.818,43.11,14.17,40.96,61.75,69.37,heavy,3.7125,0.3203
S007_S066,S007,S066,13.271,47.27,9.0,46.44,59.14,63.33,heavy,3.8381,0.1886
S066_S007,S066,S007,13.271,50.19,8.66,49.46,61.61,65.57,heavy,3.9011,0.1714
S007_S067,S007,S067,3.286,9.44,2.17,9.2,12.3,13.36,heavy,2.2191,0.2267
S067_S007,S067,S007,3.286,9.07,2.28,8.79,12.08,13.21,heavy,2.174,0.2474
S007_S068,S007,S068,9.961,19.67,4.36,19.21,25.43,27.53,light,2.9553,0.2188
S068_S007,S068,S007,9.961,20.82,4.21,20.41,26.38,28.37,light,3.0161,0.2001
S007_S070,S007,S070,9.315,30.81,6.89,30.07,39.91,43.24,heavy,3.4034,0.2209
S070_S007,S070,S007,9.315,32.01,7.43,31.18,41.83,45.46,heavy,3.4397,0.2292
S007_S071,S007,S071,7.723,21.04,7.25,19.89,30.57,34.52,heavy,2.9903,0.3351
S071_S007,S071,S007,7.723,21.69,7.06,20.62,30.98,34.76,heavy,3.0263,0.3174
S007_S072,S007,S072,3.672,4.93,1.0,4.84,6.26,6.73,light,1.576,0.2013
S072_S007,S072,S007,3.672,5.11,0.92,5.03,6.33,6.75,light,1.6161,0.1783
S007_S073,S007,S073,10.464,18.44,5.8,17.59,26.08,29.15,normal,2.8673,0.3071
S073_S007,S073,S007,10.464,17.83,5.34,17.08,24.87,27.66,normal,2.838,0.293
S007_S075,S007,S075,17.16,36.05,7.54,35.29,46.01,49.6,normal,3.5636,0.2069
S075_S007,S075,S007,17.16,36.64,7.43,35.91,46.45,49.96,normal,3.5811,0.2007
S008_S009,S008,S009,9.861,14.05,3.1,13.72,18.14,19.63,light,2.6189,0.2177
S009_S008,S009,S008,9.861,14.56,3.35,14.19,18.98,20.61,light,2.6524,0.2271
S008_S012,S008,S012,14.652,25.63,6.07,24.94,33.66,36.64,normal,3.2165,0.2338
S012_S008,S012,S008,14.652,27.6,6.62,26.84,36.35,39.6,normal,3.2899,0.2365
S008_S013,S008,S013,4.329,11.05,3.07,10.65,15.1,16.67,normal,2.3657,0.2724
S013_S008,S013,S008,4.329,11.08,3.22,10.64,15.33,17.0,normal,2.3643,0.2849
S008_S014,S008,S014,16.119,38.38,6.0,37.92,46.27,48.96,normal,3.6355,0.1553
S014_S008,S014,S008,16.119,39.47,5.92,39.04,47.27,49.9,normal,3.6645,0.1492
S008_S016,S008,S016,5.112,12.51,2.47,12.27,15.76,16.92,normal,2.5071,0.1953
S016_S008,S016,S008,5.112,12.23,2.69,11.94,15.78,17.07,normal,2.4803,0.2172
S008_S017,S008,S017,6.809,24.35,4.4,23.97,30.15,32.18,heavy,3.1766,0.1792
S017_S008,S017,S008,6.809,26.1,4.29,25.76,31.75,33.69,heavy,3.2487,0.1632
S008_S018,S008,S018,4.677,7.53,1.99,7.28,10.16,11.17,normal,1.9852,0.2603
S018_S008,S018,S008,4.677,7.41,2.05,7.14,10.12,11.17,normal,1.9656,0.2721
S008_S019,S008,S019,6.077,13.51,2.33,13.31,16.58,17.65,normal,2.5886,0.1714
S019_S008,S019,S008,6.077,13.51,2.28,13.32,16.51,17.55,normal,2.5891,0.1676
S008_S021,S008,S021,17.173,31.0,6.27,30.39,39.29,42.25,normal,3.4141,0.2003
S021_S008,S021,S008,17.173,32.02,5.92,31.48,39.82,42.56,normal,3.4495,0.1832
S008_S022,S008,S022,12.839,22.5,6.5,21.62,31.07,34.43,normal,3.0735,0.283
S022_S008,S022,S008,12.839,21.42,6.02,20.62,29.37,32.46,normal,3.0263,0.2759
S008_S023,S008,S023,5.248,18.1,3.34,17.8,22.51,24.06,heavy,2.8794,0.183
S023_S008,S023,S008,5.248,19.54,3.55,19.23,24.23,25.86,heavy,2.9565,0.1801
S008_S024,S008,S024,11.685,16.96,5.89,16.02,24.69,27.9,normal,2.7736,0.3375
S024_S008,S024,S008,11.685,16.54,5.38,15.73,23.61,26.49,normal,2.7556,0.3169
S008_S026,S008,S026,5.674,10.37,3.4,9.85,14.84,16.67,normal,2.2874,0.3199
S026_S008,S026,S008,5.674,10.72,3.69,10.13,15.57,17.58,normal,2.3158,0.335
S008_S027,S008,S027,13.305,22.97,7.09,21.95,32.31,36.05,normal,3.0886,0.3017
S027_S008,S027,S008,13.305,21.96,7.78,20.7,32.16,36.44,normal,3.0299,0.3439
S008_S028,S008,S028,2.983,6.39,1.26,6.26,8.05,8.64,heavy,1.8349,0.1955
S028_S008,S028,S008,2.983,5.9,1.27,5.77,7.58,8.19,heavy,1.7524,0.2134
S008_S029,S008,S029,7.908,16.15,5.02,15.42,22.76,25.41,normal,2.7359,0.3036
S029_S008,S029,S008,7.908,16.44,4.6,15.83,22.51,24.88,normal,2.762,0.2747
S008_S031,S008,S031,8.22,23.62,8.27,22.3,34.47,39.0,heavy,3.1044,0.3399
S031_S008,S031,S008,8.22,23.72,8.71,22.26,35.13,39.97,heavy,3.103,0.3557
S008_S032,S008,S032,12.732,19.86,3.27,19.6,24.17,25.65,normal,2.9753,0.1636
S032_S008,S032,S008,12.732,20.31,3.24,20.06,24.58,26.03,normal,2.9986,0.1585
S008_S033,S008,S033,4.764,8.03,1.76,7.84,10.35,11.19,normal,2.0595,0.2163
S033_S008,S033,S008,4.764,8.37,1.63,8.22,10.52,11.28,normal,2.1063,0.1925
S008_S034,S008,S034,17.65,44.6,14.43,42.43,63.59,71.31,heavy,3.7479,0.3156
S034_S008,S034,S008,17.65,44.73,13.87,42.72,63.0,70.33,heavy,3.7547,0.303
S008_S037,S008,S037,10.532,33.8,11.39,32.03,48.77,54.93,heavy,3.4667,0.3279
S037_S008,S037,S008,10.532,32.97,12.39,30.86,49.18,56.12,heavy,3.4294,0.3636
S008_S038,S008,S038,4.389,6.6,2.11,6.29,9.37,10.5,normal,1.8387,0.3115
S038_S008,S038,S008,4.389,6.28,2.3,5.9,9.29,10.57,normal,1.7745,0.3547
S008_S039,S008,S039,14.294,31.2,8.58,30.08,42.52,46.9,normal,3.4039,0.27
S039_S008,S039,S008,14.294,31.37,8.58,30.25,42.7,47.08,normal,3.4096,0.2688
S008_S041,S008,S041,6.892,16.3,5.51,15.44,23.54,26.53,normal,2.7368,0.3292
S041_S008,S041,S008,6.892,15.44,5.65,14.5,22.84,25.98,normal,2.6741,0.3546
S008_S042,S008,S042,10.172,15.24,3.32,14.89,19.62,21.21,normal,2.701,0.215
S042_S008,S042,S008,10.172,14.12,3.56,13.7,18.82,20.6,normal,2.6171,0.248
S008_S043,S008,S043,0.746,1.89,0.64,1.79,2.74,3.09,normal,0.5838,0.3305
S043_S008,S043,S008,0.746,1.94,0.68,1.83,2.83,3.2,normal,0.6047,0.3394
S008_S044,S008,S044,8.779,23.44,6.51,22.59,32.04,35.38,heavy,3.1175,0.2727
S044_S008,S044,S008,8.779,24.9,6.57,24.08,33.58,36.9,heavy,3.1813,0.2595
S008_S046,S008,S046,4.691,8.08,1.7,7.91,10.32,11.13,normal,2.0677,0.2081
S046_S008,S046,S008,4.691,8.47,1.76,8.3,10.8,11.64,normal,2.1158,0.2059
S008_S047,S008,S047,12.841,37.22,6.13,36.72,45.29,48.06,heavy,3.6034,0.1635
S047_S008,S047,S008,12.841,35.18,6.02,34.68,43.12,45.86,heavy,3.5461,0.1699
S008_S048,S008,S048,1.26,2.42,0.53,2.36,3.11,3.36,normal,0.8586,0.2155
S048_S008,S048,S008,1.26,2.34,0.55,2.28,3.07,3.34,normal,0.8246,0.2315
S008_S049,S008,S049,8.692,19.19,6.18,18.27,27.33,30.63,heavy,2.9051,0.3142
S049_S008,S049,S008,8.692,18.06,6.02,17.13,25.98,29.23,heavy,2.8409,0.3248
S008_S051,S008,S051,16.956,30.61,6.55,29.93,39.25,42.38,normal,3.399,0.2114
S051_S008,S051,S008,16.956,28.76,6.48,28.06,37.32,40.46,normal,3.3343,0.2225
S008_S052,S008,S052,10.976,26.54,4.25,26.2,32.13,34.04,normal,3.2659,0.1591
S052_S008,S052,S008,10.976,28.08,4.18,27.78,33.58,35.43,normal,3.3242,0.148
S008_S053,S008,S053,4.687,6.82,2.25,6.47,9.78,10.99,normal,1.8676,0.3219
S053_S008,S053,S008,4.687,7.29,2.35,6.94,10.39,11.64,normal,1.937,0.3147
S008_S054,S008,S054,6.709,21.07,3.83,20.73,26.12,27.89,heavy,3.0314,0.1804
S054_S008,S054,S008,6.709,21.06,3.68,20.75,25.92,27.6,heavy,3.0324,0.1736
S008_S056,S008,S056,5.781,20.84,7.07,19.74,30.13,33.97,heavy,2.9827,0.3299
S056_S008,S056,S008,5.781,22.4,6.66,21.47,31.19,34.66,heavy,3.0667,0.2912
S008_S057,S008,S057,10.467,21.61,3.46,21.34,26.17,27.72,normal,3.0606,0.1591
S057_S008,S057,S008,10.467,21.95,3.7,21.65,26.82,28.5,normal,3.0748,0.1673
S008_S058,S008,S058,4.335,6.24,1.29,6.11,7.94,8.56,light,1.8093,0.205
S058_S008,S058,S008,4.335,6.58,1.27,6.46,8.26,8.86,light,1.866,0.1918
S008_S059,S008,S059,14.917,22.57,6.67,21.65,31.37,34.84,normal,3.0749,0.2893
S059_S008,S059,S008,14.917,22.09,6.54,21.18,30.71,34.12,normal,3.0531,0.2898
S008_S061,S008,S061,17.654,31.71,5.99,31.16,39.61,42.4,normal,3.439,0.1873
S061_S008,S061,S008,17.654,30.64,5.85,30.09,38.36,41.09,normal,3.4042,0.1894
S008_S062,S008,S062,9.67,15.91,4.14,15.39,21.37,23.44,light,2.734,0.2557
S062_S008,S062,S008,9.67,14.96,3.8,14.5,19.98,21.88,light,2.6741,0.2501
S008_S063,S008,S063,2.731,5.56,1.93,5.25,8.1,9.15,normal,1.6588,0.3375
S063_S008,S063,S008,2.731,5.79,1.82,5.52,8.18,9.14,normal,1.7088,0.3063
S008_S064,S008,S064,8.341,13.22,3.3,12.82,17.58,19.23,light,2.5513,0.2462
S064_S008,S064,S008,8.341,12.24,3.45,11.79,16.79,18.56,light,2.4669,0.2761
S008_S066,S008,S066,10.722,22.81,5.79,22.1,30.45,33.34,heavy,3.0958,0.2499
S066_S008,S066,S008,10.722,23.19,5.81,22.5,30.87,33.76,heavy,3.1135,0.2466
S008_S067,S008,S067,12.42,35.22,9.6,33.98,47.9,52.79,heavy,3.5259,0.2677
S067_S008,S067,S008,12.42,34.62,9.83,33.3,47.58,52.64,heavy,3.5057,0.2783
S008_S068,S008,S068,1.669,3.48,0.94,3.36,4.72,5.19,heavy,1.2123,0.2641
S068_S008,S068,S008,1.669,3.6,0.9,3.49,4.78,5.23,heavy,1.2498,0.2459
S008_S069,S008,S069,11.039,17.29,3.87,16.87,22.39,24.26,normal,2.8255,0.2209
S069_S008,S069,S008,11.039,16.21,3.8,15.78,21.23,23.09,normal,2.7586,0.2315
S008_S071,S008,S071,11.061,23.57,7.77,22.39,33.8,37.98,normal,3.1085,0.3213
S071_S008,S071,S008,11.061,24.06,7.92,22.85,34.48,38.74,normal,3.1291,0.3209
S008_S072,S008,S072,7.312,16.06,4.52,15.46,22.02,24.34,normal,2.7385,0.2758
S072_S008,S072,S008,7.312,16.63,4.59,16.03,22.69,25.04,normal,2.7746,0.271
S008_S073,S008,S073,4.52,14.41,3.97,13.89,19.65,21.68,heavy,2.6311,0.2708
S073_S008,S073,S008,4.52,13.6,4.12,13.01,19.02,21.18,heavy,2.5659,0.2962
S008_S074,S008,S074,13.151,47.07,15.99,44.57,68.07,76.75,heavy,3.797,0.3304
S074_S008,S074,S008,13.151,44.74,15.8,42.19,65.47,74.14,heavy,3.7421,0.3428
S009_S010,S009,S010,8.229,16.26,3.78,15.83,21.25,23.1,normal,2.7621,0.2295
S010_S009,S010,S009,8.229,16.02,3.99,15.55,21.29,23.27,normal,2.7439,0.2452
S009_S013,S009,S013,14.186,21.06,6.84,20.03,30.06,33.72,normal,2.9974,0.3165
S013_S009,S013,S009,14.186,21.83,7.12,20.75,31.19,35.01,normal,3.0327,0.3179
S009_S014,S009,S014,6.269,15.69,4.11,15.17,21.12,23.19,heavy,2.7195,0.2578
S014_S009,S014,S009,6.269,15.75,3.96,15.27,20.98,22.95,heavy,2.7262,0.2475
S009_S015,S009,S015,11.627,27.4,9.11,26.0,39.37,44.29,normal,3.258,0.3238
S015_S009,S015,S009,11.627,27.6,9.43,26.12,39.98,45.11,normal,3.2626,0.3322
S009_S018,S009,S018,13.898,21.19,6.06,20.37,29.19,32.32,normal,3.0142,0.2805
S018_S009,S018,S009,13.898,20.39,6.04,19.55,28.36,31.51,normal,2.973,0.2902
S009_S019,S009,S019,4.101,5.98,1.23,5.86,7.61,8.19,normal,1.7677,0.2037
S019_S009,S019,S009,4.101,5.72,1.35,5.56,7.5,8.16,normal,1.7164,0.2325
S009_S020,S009,S020,7.155,15.36,3.19,15.04,19.57,21.09,normal,2.7105,0.2056
S020_S009,S020,S009,7.155,15.83,3.18,15.51,20.03,21.53,normal,2.7418,0.1992
S009_S023,S009,S023,15.029,28.54,7.48,27.61,38.42,42.19,normal,3.3181,0.2578
S023_S009,S023,S009,15.029,27.51,6.91,26.67,36.63,40.08,normal,3.2837,0.2475
S009_S024,S009,S024,2.764,6.3,1.42,6.15,8.18,8.87,heavy,1.8157,0.2231
S024_S009,S024,S009,2.764,6.62,1.55,6.45,8.67,9.43,heavy,1.8636,0.2314
S009_S025,S009,S025,3.335,5.25,1.09,5.14,6.7,7.22,normal,1.6375,0.2059
S025_S009,S025,S009,3.335,5.64,1.0,5.55,6.96,7.42,normal,1.7135,0.1763
S009_S028,S009,S028,12.77,18.93,5.32,18.22,25.95,28.69,normal,2.9026,0.2759
S028_S009,S028,S009,12.77,18.86,5.01,18.23,25.47,28.0,normal,2.9032,0.2608
S009_S029,S009,S029,4.571,8.37,2.82,7.93,12.07,13.6,normal,2.0709,0.3276
S029_S009,S029,S009,4.571,7.88,2.88,7.4,11.66,13.26,normal,2.0021,0.3542
S009_S030,S009,S030,6.214,11.05,2.19,10.84,13.95,14.98,normal,2.3832,0.1966
S030_S009,S030,S009,6.214,11.29,2.0,11.12,13.93,14.84,normal,2.4089,0.1755
S009_S033,S009,S033,10.241,27.41,8.04,26.3,38.01,42.19,heavy,3.2695,0.2874
S033_S009,S033,S009,10.241,28.2,7.46,27.26,38.06,41.82,heavy,3.3056,0.2601
S009_S034,S009,S034,7.899,11.48,3.97,10.85,16.69,18.85,normal,2.384,0.3359
S034_S009,S034,S009,7.899,11.31,4.31,10.56,16.94,19.37,normal,2.3575,0.3685
S009_S035,S009,S035,13.763,28.18,6.92,27.36,37.31,40.74,heavy,3.3092,0.2419
S035_S009,S035,S009,13.763,29.33,6.62,28.61,38.08,41.29,heavy,3.3537,0.223
S009_S038,S009,S038,10.724,31.35,5.07,30.95,38.03,40.32,heavy,3.4323,0.1608
S038_S009,S038,S009,10.724,32.11,4.8,31.76,38.43,40.56,heavy,3.4582,0.1487
S009_S039,S009,S039,6.322,8.77,2.81,8.35,12.46,13.96,light,2.1223,0.3123
S039_S009,S039,S009,6.322,9.35,2.62,9.0,12.81,14.16,light,2.1972,0.2754
S009_S040,S009,S040,8.712,11.21,2.08,11.02,13.94,14.91,light,2.3997,0.1836
S040_S009,S040,S009,8.712,12.1,2.03,11.93,14.78,15.7,light,2.4792,0.1668
S009_S043,S009,S043,9.272,17.44,5.88,16.52,25.17,28.35,normal,2.8046,0.3283
S043_S009,S043,S009,9.272,18.49,5.3,17.77,25.49,28.23,normal,2.8775,0.2813
S009_S044,S009,S044,2.421,4.35,0.75,4.29,5.34,5.68,normal,1.4566,0.1702
S044_S009,S044,S009,2.421,4.2,0.82,4.13,5.29,5.67,normal,1.4174,0.1931
S009_S045,S009,S045,14.845,36.59,9.1,35.51,48.61,53.14,heavy,3.5697,0.2451
S045_S009,S045,S009,14.845,38.64,9.04,37.63,50.59,55.01,heavy,3.6277,0.2309
S009_S048,S009,S048,8.674,20.13,3.47,19.84,24.71,26.29,normal,2.9875,0.1713
S048_S009,S048,S009,8.674,20.87,3.58,20.57,25.59,27.22,normal,3.024,0.1701
S009_S049,S009,S049,2.062,3.4,0.52,3.36,4.09,4.32,normal,1.2127,0.1519
S049_S009,S049,S009,2.062,3.56,0.53,3.52,4.25,4.49,normal,1.2589,0.1472
S009_S050,S009,S050,10.991,17.75,3.29,17.46,22.09,23.61,normal,2.8597,0.1835
S050_S009,S050,S009,10.991,18.88,3.5,18.57,23.5,25.12,normal,2.9213,0.1839
S009_S053,S009,S053,14.205,26.38,4.42,26.02,32.2,34.2,normal,3.2589,0.1662
S053_S009,S053,S009,14.205,24.68,4.84,24.21,31.06,33.33,normal,3.1869,0.1943
S009_S054,S009,S054,5.427,8.77,2.96,8.31,12.66,14.26,light,2.1178,0.3281
S054_S009,S054,S009,5.427,8.44,2.8,8.01,12.12,13.63,light,2.0804,0.3234
S009_S055,S009,S055,13.244,21.43,7.3,20.29,31.03,35.0,normal,3.01,0.3315
S055_S009,S055,S009,13.244,21.72,7.41,20.55,31.45,35.48,normal,3.023,0.3319
S009_S058,S009,S058,14.169,42.15,9.35,41.14,54.5,59.01,heavy,3.7171,0.2192
S058_S009,S058,S009,14.169,39.19,8.64,38.28,50.6,54.77,heavy,3.6448,0.2178
S009_S059,S009,S059,6.063,12.93,2.99,12.6,16.87,18.33,normal,2.5334,0.2281
S059_S009,S059,S009,6.063,13.32,3.07,12.98,17.38,18.87,normal,2.5636,0.2275
S009_S060,S009,S060,13.75,27.29,6.1,26.63,35.35,38.29,heavy,3.2821,0.2208
S060_S009,S060,S009,13.75,26.06,5.65,25.47,33.53,36.24,heavy,3.2375,0.2144
S009_S063,S009,S063,11.058,26.47,7.93,25.36,36.92,41.07,normal,3.2331,0.2931
S063_S009,S063,S009,11.058,25.94,8.25,24.71,36.79,41.18,normal,3.2074,0.3104
S009_S064,S009,S064,2.501,3.73,1.12,3.57,5.21,5.8,normal,1.2722,0.2949
S064_S009,S064,S009,2.501,3.88,1.16,3.72,5.42,6.03,normal,1.3137,0.2934
S009_S065,S009,S065,5.924,14.15,4.35,13.52,19.88,22.17,heavy,2.6044,0.3006
S065_S009,S065,S009,5.924,14.21,4.23,13.62,19.79,21.99,heavy,2.6116,0.2913
S009_S068,S009,S068,9.309,13.84,2.39,13.64,16.99,18.08,normal,2.6133,0.1712
S068_S009,S068,S009,9.309,14.01,2.22,13.83,16.93,17.92,normal,2.6271,0.1575
S009_S069,S009,S069,3.224,5.76,1.46,5.58,7.69,8.42,light,1.7191,0.2501
S069_S009,S069,S009,3.224,5.92,1.53,5.74,7.94,8.7,light,1.7467,0.2535
S009_S070,S009,S070,8.308,21.18,6.98,20.11,30.36,34.12,heavy,3.0013,0.3213
S070_S009,S070,S009,8.308,22.22,6.92,21.22,31.34,35.0,heavy,3.0549,0.3042
S009_S073,S009,S073,14.362,36.06,8.7,35.05,47.56,51.85,heavy,3.5568,0.238
S073_S009,S073,S009,14.362,36.39,9.0,35.33,48.29,52.75,heavy,3.5647,0.2437
S009_S074,S009,S074,4.565,9.73,1.5,9.61,11.7,12.37,normal,2.263,0.1534
S074_S009,S074,S009,4.565,10.22,1.57,10.1,12.29,12.99,normal,2.3124,0.1532
S009_S075,S009,S075,9.417,16.83,2.68,16.62,20.36,21.56,normal,2.8108,0.1581
S075_S009,S075,S009,9.417,17.37,2.7,17.17,20.93,22.13,normal,2.843,0.1545
S010_S012,S010,S012,8.072,28.18,9.27,26.77,40.36,45.34,heavy,3.2871,0.3204
S012_S010,S012,S010,8.072,26.06,9.1,24.61,38.0,42.98,heavy,3.2031,0.339
S010_S014,S010,S014,11.681,18.75,5.68,17.94,26.24,29.22,normal,2.8872,0.2965
S014_S010,S014,S010,11.681,19.19,5.59,18.42,26.57,29.47,normal,2.9135,0.2856
S010_S015,S010,S015,5.371,10.39,2.35,10.14,13.5,14.65,heavy,2.3162,0.2237
S015_S010,S015,S010,5.371,10.19,2.44,9.91,13.41,14.61,heavy,2.2932,0.2362
S010_S017,S010,S017,8.551,14.56,3.75,14.1,19.52,21.4,normal,2.6462,0.2537
S017_S010,S017,S010,8.551,13.67,4.12,13.09,19.11,21.27,normal,2.5718,0.2951
S010_S019,S010,S019,6.531,13.12,2.3,12.92,16.16,17.21,normal,2.5591,0.1741
S019_S010,S019,S010,6.531,13.83,2.42,13.62,17.02,18.13,normal,2.6114,0.1738
S010_S020,S010,S020,4.676,9.11,2.21,8.85,12.03,13.12,heavy,2.1809,0.2391
S020_S010,S020,S010,4.676,9.16,2.35,8.87,12.27,13.45,heavy,2.1826,0.2529
S010_S022,S010,S022,6.836,15.22,3.34,14.86,19.63,21.23,normal,2.699,0.2167
S022_S010,S022,S010,6.836,14.46,3.59,14.03,19.2,20.98,normal,2.6415,0.2444
S010_S024,S010,S024,10.925,17.57,2.75,17.36,21.19,22.42,normal,2.8541,0.1555
S024_S010,S024,S010,10.925,17.34,2.89,17.11,21.16,22.47,normal,2.8394,0.1658
S010_S025,S010,S025,6.135,9.28,1.42,9.17,11.15,11.78,normal,2.216,0.1522
S025_S010,S025,S010,6.135,8.64,1.45,8.52,10.54,11.2,normal,2.142,0.1665
S010_S027,S010,S027,10.553,27.64,7.86,26.58,38.01,42.06,heavy,3.2802,0.2789
S027_S010,S027,S010,10.553,26.51,7.14,25.6,35.94,39.57,heavy,3.2424,0.2648
S010_S029,S010,S029,11.291,29.71,7.66,28.77,39.84,43.68,heavy,3.3594,0.2538
S029_S010,S029,S010,11.291,28.0,8.42,26.82,39.1,43.51,heavy,3.289,0.2942
S010_S030,S010,S030,2.743,6.17,2.06,5.85,8.87,9.98,normal,1.7666,0.3245
S030_S010,S030,S010,2.743,6.24,2.17,5.9,9.09,10.27,normal,1.7747,0.3373
S010_S032,S010,S032,7.119,11.13,2.2,10.92,14.03,15.07,normal,2.3908,0.1955
S032_S010,S032,S010,7.119,12.0,2.21,11.8,14.91,15.93,normal,2.4682,0.1824
S010_S034,S010,S034,14.215,28.17,5.78,27.6,35.8,38.54,normal,3.3178,0.2029
S034_S010,S034,S010,14.215,30.2,6.22,29.58,38.4,41.35,normal,3.387,0.2037
S010_S035,S010,S035,5.843,11.76,3.24,11.34,16.04,17.69,heavy,2.4285,0.2702
S035_S010,S035,S010,5.843,11.87,2.94,11.52,15.76,17.22,heavy,2.4441,0.2443
S010_S037,S010,S037,9.113,25.55,7.12,24.61,34.95,38.6,heavy,3.2033,0.2735
S037_S010,S037,S010,9.113,26.72,6.86,25.88,35.78,39.22,heavy,3.2535,0.2527
S010_S039,S010,S039,14.476,28.64,5.15,28.19,35.43,37.8,normal,3.3389,0.1784
S039_S010,S039,S010,14.476,27.19,5.19,26.71,34.04,36.46,normal,3.2851,0.1892
S010_S040,S010,S040,0.492,1.1,0.21,1.08,1.38,1.48,normal,0.0767,0.1933
S040_S010,S040,S010,0.492,1.15,0.23,1.13,1.46,1.57,normal,0.1233,0.1994
S010_S042,S010,S042,2.849,5.14,1.77,4.86,7.46,8.42,normal,1.5814,0.334
S042_S010,S042,S010,2.849,5.05,1.68,4.79,7.26,8.16,normal,1.5667,0.324
S010_S044,S010,S044,9.853,27.9,4.63,27.53,34.0,36.09,heavy,3.3151,0.1647
S044_S010,S044,S010,9.853,29.45,4.25,29.15,35.04,36.91,heavy,3.3724,0.1435
S010_S045,S010,S045,6.658,10.95,2.06,10.76,13.67,14.62,normal,2.3758,0.1865
S045_S010,S045,S010,6.658,10.73,2.1,10.53,13.51,14.49,normal,2.3545,0.1941
S010_S047,S010,S047,9.222,24.28,4.0,23.96,29.54,31.35,normal,3.1762,0.1635
S047_S010,S047,S010,9.222,24.2,4.29,23.83,29.85,31.82,normal,3.1708,0.1759
S010_S049,S010,S049,9.419,16.76,5.72,15.86,24.28,27.39,light,2.7639,0.332
S049_S010,S049,S010,9.419,15.99,5.37,15.16,23.04,25.95,light,2.7184,0.3268
S010_S050,S010,S050,8.57,18.85,5.64,18.06,26.29,29.24,heavy,2.8935,0.293
S050_S010,S050,S010,8.57,20.1,5.86,19.29,27.83,30.87,heavy,2.9598,0.2858
S010_S052,S010,S052,13.302,29.87,6.85,29.11,38.91,42.25,heavy,3.3711,0.2264
S052_S010,S052,S010,13.302,30.11,7.23,29.28,39.66,43.22,heavy,3.377,0.2366
S010_S054,S010,S054,11.265,22.82,5.86,22.11,30.56,33.5,normal,3.0959,0.2526
S054_S010,S054,S010,11.265,22.12,5.7,21.43,29.65,32.5,normal,3.0646,0.2533
S010_S055,S010,S055,5.045,10.3,2.51,10.01,13.61,14.85,heavy,2.3038,0.2397
S055_S010,S055,S010,5.045,10.74,2.42,10.47,13.93,15.1,heavy,2.3488,0.2223
S010_S057,S010,S057,6.741,13.19,2.8,12.9,16.89,18.23,light,2.5574,0.2102
S057_S010,S057,S010,6.741,13.32,2.65,13.07,16.82,18.06,light,2.5701,0.1968
S010_S059,S010,S059,13.908,33.49,6.77,32.83,42.42,45.62,normal,3.4912,0.2001
S059_S010,S059,S010,13.908,33.91,6.66,33.28,42.7,45.83,normal,3.5049,0.1945
S010_S060,S010,S060,8.648,27.97,6.04,27.34,35.94,38.84,heavy,3.3082,0.2135
S060_S010,S060,S010,8.648,28.28,5.73,27.72,35.85,38.56,heavy,3.322,0.2007
S010_S062,S010,S062,9.44,17.16,5.81,16.25,24.79,27.94,normal,2.7881,0.3295
S062_S010,S062,S010,9.44,16.49,6.18,15.44,24.58,28.04,normal,2.737,0.3628
S010_S064,S010,S064,5.998,11.76,3.27,11.32,16.07,17.75,heavy,2.427,0.2732
S064_S010,S064,S010,5.998,11.68,3.42,11.21,16.2,17.98,heavy,2.4168,0.2871
S010_S065,S010,S065,6.148,17.15,3.05,16.88,21.17,22.57,heavy,2.8262,0.1766
S065_S010,S065,S010,6.148,16.28,3.29,15.96,20.62,22.17,heavy,2.7699,0.2
S010_S067,S010,S067,10.203,14.64,5.0,13.86,21.21,23.93,normal,2.6288,0.3321
S067_S010,S067,S010,10.203,13.55,5.35,12.61,20.53,23.57,normal,2.5341,0.3804
S010_S069,S010,S069,11.432,22.64,6.42,21.78,31.11,34.42,heavy,3.0809,0.2782
S069_S010,S069,S010,11.432,22.32,6.86,21.33,31.36,34.97,heavy,3.0603,0.3005
S010_S070,S010,S070,4.251,8.14,2.37,7.82,11.27,12.5,light,2.0562,0.2855
S070_S010,S070,S010,4.251,7.77,2.35,7.44,10.87,12.11,light,2.0071,0.2959
S010_S072,S010,S072,10.088,26.08,7.24,25.13,35.63,39.34,normal,3.2241,0.2724
S072_S010,S072,S010,10.088,27.8,7.47,26.85,37.67,41.45,normal,3.2903,0.264
S010_S074,S010,S074,12.67,34.07,8.74,33.0,45.61,49.98,normal,3.4965,0.2524
S074_S010,S074,S010,12.67,31.41,8.79,30.24,43.0,47.51,normal,3.4093,0.2745
S010_S075,S010,S075,5.755,10.67,3.69,10.09,15.52,17.53,light,2.3115,0.3358
S075_S010,S075,S010,5.755,10.68,3.83,10.05,15.71,17.82,light,2.3076,0.3482
S011_S013,S011,S013,14.057,37.2,12.57,35.24,53.71,60.52,heavy,3.5621,0.3288
S013_S011,S013,S011,14.057,34.86,11.56,33.09,50.05,56.28,heavy,3.4991,0.3229
S011_S016,S011,S016,14.562,34.98,6.59,34.37,43.67,46.73,normal,3.5373,0.1867
S016_S011,S016,S011,14.562,33.59,6.4,33.0,42.04,45.02,normal,3.4965,0.1888
S011_S018,S011,S018,14.918,23.62,3.92,23.3,28.78,30.55,normal,3.1485,0.1647
S018_S011,S018,S011,14.918,23.46,3.71,23.18,28.35,30.02,normal,3.1431,0.1573
S011_S021,S011,S021,1.237,1.76,0.37,1.72,2.24,2.42,light,0.5409,0.2077
S021_S011,S021,S011,1.237,1.8,0.39,1.76,2.32,2.51,light,0.5633,0.2171
S011_S023,S011,S023,13.316,21.48,3.62,21.18,26.26,27.9,normal,3.0532,0.1675
S023_S011,S023,S011,13.316,21.06,3.61,20.76,25.81,27.46,normal,3.0329,0.17
S011_S026,S011,S026,13.022,30.37,8.82,29.16,42.0,46.58,heavy,3.3728,0.2847
S026_S011,S026,S011,13.022,30.37,8.71,29.19,41.85,46.35,heavy,3.3738,0.2811
S011_S028,S011,S028,15.505,33.32,8.77,32.23,44.91,49.33,heavy,3.4728,0.2588
S028_S011,S028,S011,15.505,35.43,9.51,34.22,47.98,52.8,heavy,3.5328,0.2636
S011_S031,S011,S031,11.014,24.85,8.21,23.59,35.64,40.05,normal,3.161,0.3217
S031_S011,S031,S011,11.014,26.39,8.17,25.21,37.15,41.46,normal,3.2272,0.3024
S011_S036,S011,S036,0.736,1.93,0.32,1.9,2.34,2.49,normal,0.6421,0.1638
S036_S011,S036,S011,0.736,2.05,0.32,2.02,2.47,2.62,normal,0.7053,0.156
S011_S041,S011,S041,12.855,34.04,11.43,32.27,49.06,55.24,normal,3.4741,0.3268
S041_S011,S041,S011,12.855,31.4,10.76,29.71,45.54,51.39,normal,3.3914,0.3332
S011_S046,S011,S046,14.254,34.37,10.8,32.79,48.59,54.31,normal,3.4901,0.3068
S046_S011,S046,S011,14.254,36.73,10.36,35.35,50.4,55.73,normal,3.5652,0.2768
S011_S051,S011,S051,4.018,9.78,2.58,9.46,13.18,14.48,heavy,2.2469,0.2589
S051_S011,S051,S011,4.018,10.06,2.6,9.74,13.49,14.79,heavy,2.2761,0.254
S011_S052,S011,S052,14.962,30.25,9.01,28.99,42.13,46.83,normal,3.3669,0.2916
S052_S011,S052,S011,14.962,31.33,9.01,30.11,43.23,47.88,normal,3.4049,0.282
S011_S053,S011,S053,14.326,20.72,3.33,20.46,25.1,26.6,normal,3.0183,0.1597
S053_S011,S053,S011,14.326,19.83,3.05,19.6,23.84,25.2,normal,2.9756,0.1528
S011_S056,S011,S056,12.787,22.5,6.14,21.7,30.6,33.72,normal,3.0775,0.2679
S056_S011,S056,S011,12.787,22.13,6.47,21.24,30.66,34.02,normal,3.0557,0.2865
S011_S058,S011,S058,14.09,37.42,7.66,36.66,47.53,51.16,normal,3.6017,0.2026
S058_S011,S058,S011,14.09,37.36,7.44,36.64,47.18,50.67,normal,3.6012,0.1971
S011_S061,S011,S061,1.175,2.33,0.55,2.27,3.06,3.33,heavy,0.8196,0.2332
S061_S011,S061,S011,1.175,2.18,0.56,2.11,2.92,3.21,heavy,0.7457,0.255
S011_S063,S011,S063,17.702,37.77,11.05,36.25,52.35,58.09,heavy,3.5905,0.2866
S063_S011,S063,S011,17.702,36.37,10.79,34.87,50.6,56.22,heavy,3.5516,0.2904
S011_S066,S011,S066,8.089,17.39,3.15,17.11,21.54,22.99,heavy,2.8398,0.1794
S066_S011,S066,S011,8.089,16.88,2.9,16.64,20.7,22.02,heavy,2.8116,0.1704
S011_S071,S011,S071,9.379,25.46,5.39,24.91,32.57,35.14,normal,3.2151,0.2093
S071_S011,S071,S011,9.379,26.52,4.96,26.07,33.07,35.37,normal,3.2608,0.1854
S011_S072,S011,S072,16.596,41.93,9.9,40.81,55.02,59.88,normal,3.709,0.233
S072_S011,S072,S011,16.596,42.3,9.72,41.23,55.15,59.88,normal,3.7191,0.2269
S011_S073,S011,S073,13.902,49.99,11.04,48.82,64.58,69.9,heavy,3.8881,0.2182
S073_S011,S073,S011,13.902,50.77,11.67,49.48,66.17,71.85,heavy,3.9015,0.2268
S012_S013,S012,S013,15.765,24.08,3.67,23.81,28.92,30.55,normal,3.1701,0.1516
S013_S012,S013,S012,15.765,23.65,3.37,23.42,28.08,29.56,normal,3.1534,0.1416
S012_S015,S012,S015,8.597,12.89,4.27,12.23,18.5,20.8,normal,2.5043,0.3225
S015_S012,S015,S012,8.597,13.04,3.98,12.47,18.29,20.38,normal,2.5231,0.2988
S012_S016,S012,S016,13.173,26.69,4.74,26.28,32.95,35.12,normal,3.2687,0.1764
S016_S012,S016,S012,13.173,25.7,4.41,25.33,31.51,33.52,normal,3.232,0.1703
S012_S017,S012,S017,8.795,20.82,4.27,20.4,26.46,28.49,normal,3.0153,0.2031
S017_S012,S017,S012,8.795,20.77,3.91,20.41,25.93,27.75,normal,3.016,0.1867
S012_S020,S012,S020,11.745,26.07,5.2,25.56,32.93,35.37,normal,3.2412,0.1974
S020_S012,S020,S012,11.745,26.05,5.32,25.52,33.07,35.58,normal,3.2396,0.202
S012_S022,S012,S022,1.813,2.97,0.53,2.92,3.66,3.9,light,1.0724,0.1757
S022_S012,S022,S012,1.813,3.18,0.51,3.14,3.85,4.08,light,1.1446,0.1587
S012_S023,S012,S023,17.33,30.22,9.39,28.86,42.6,47.56,normal,3.3625,0.3037
S023_S012,S023,S012,17.33,29.94,9.26,28.6,42.14,47.03,normal,3.3533,0.3024
S012_S025,S012,S025,14.168,22.1,6.19,21.28,30.27,33.44,normal,3.0576,0.2749
S025_S012,S025,S012,14.168,20.81,5.97,20.0,28.69,31.77,normal,2.9959,0.2812
S012_S026,S012,S026,15.084,22.1,4.2,21.71,27.65,29.61,normal,3.078,0.1885
S026_S012,S026,S012,15.084,20.96,4.12,20.57,26.4,28.33,normal,3.0238,0.1946
S012_S027,S012,S027,4.785,13.66,4.06,13.09,19.0,21.12,heavy,2.5719,0.2907
S027_S012,S027,S012,4.785,14.68,4.28,14.09,20.33,22.55,heavy,2.6454,0.2859
S012_S028,S012,S028,14.708,30.95,6.38,30.31,39.36,42.39,normal,3.4114,0.2039
S028_S012,S028,S012,14.708,30.28,6.93,29.52,39.43,42.8,normal,3.3849,0.2259
S012_S030,S012,S030,10.647,33.17,11.59,31.32,48.39,54.74,heavy,3.4442,0.3394
S030_S012,S030,S012,10.647,34.14,11.71,32.29,49.52,55.89,heavy,3.4748,0.3335
S012_S032,S012,S032,1.965,2.87,0.7,2.79,3.79,4.14,normal,1.0265,0.2389
S032_S012,S032,S012,1.965,2.84,0.67,2.77,3.72,4.05,normal,1.0184,0.2314
S012_S035,S012,S035,2.646,5.98,1.88,5.7,8.45,9.44,heavy,1.7411,0.3065
S035_S012,S035,S012,2.646,6.14,1.74,5.91,8.44,9.34,heavy,1.7768,0.2779
S012_S037,S012,S037,5.891,12.6,2.53,12.35,15.93,17.12,normal,2.5138,0.1986
S037_S012,S037,S012,5.891,13.03,2.67,12.76,16.56,17.83,normal,2.5467,0.203
S012_S040,S012,S040,7.624,26.3,9.16,24.84,38.32,43.33,heavy,3.2125,0.3382
S040_S012,S040,S012,7.624,26.65,9.22,25.18,38.75,43.78,heavy,3.2262,0.3362
S012_S041,S012,S041,13.857,20.54,6.65,19.54,29.3,32.86,normal,2.9727,0.3159
S041_S012,S041,S012,13.857,20.69,7.04,19.58,29.94,33.76,normal,2.9747,0.3311
S012_S042,S012,S042,5.66,9.89,3.25,9.39,14.17,15.92,light,2.24,0.3207
S042_S012,S042,S012,5.66,9.27,3.09,8.8,13.33,15.0,light,2.1742,0.3246
S012_S043,S012,S043,15.001,25.5,4.67,25.08,31.67,33.83,normal,3.2222,0.1818
S043_S012,S043,S012,15.001,23.64,5.13,23.11,30.41,32.87,normal,3.1401,0.2143
S012_S045,S012,S045,1.495,2.52,0.58,2.46,3.29,3.57,normal,0.8996,0.227
S045_S012,S045,S012,1.495,2.71,0.57,2.65,3.47,3.74,normal,0.9754,0.2087
S012_S046,S012,S046,14.153,38.23,7.71,37.48,48.42,52.06,normal,3.6238,0.1997
S046_S012,S046,S012,14.153,39.74,7.8,39.0,50.04,53.7,normal,3.6635,0.1945
S012_S047,S012,S047,3.612,6.06,1.18,5.95,7.61,8.17,normal,1.7834,0.1924
S047_S012,S047,S012,3.612,5.96,1.24,5.83,7.59,8.18,normal,1.7631,0.2062
S012_S048,S012,S048,14.89,26.45,6.62,25.66,35.19,38.48,normal,3.2451,0.2463
S048_S012,S048,S012,14.89,28.56,6.59,27.83,37.27,40.49,normal,3.3261,0.2279
S012_S050,S012,S050,13.701,39.77,13.29,37.72,57.23,64.41,heavy,3.6301,0.3253
S050_S012,S050,S012,13.701,37.32,14.46,34.8,56.21,64.38,heavy,3.5497,0.3739
S012_S052,S012,S052,10.355,25.02,5.31,24.47,32.03,34.57,normal,3.1976,0.21
S052_S012,S052,S012,10.355,26.16,5.34,25.63,33.2,35.72,normal,3.2437,0.2019
S012_S053,S012,S053,14.029,29.06,4.93,28.65,35.55,37.79,normal,3.3552,0.1683
S053_S012,S053,S012,14.029,29.98,4.75,29.61,36.23,38.36,normal,3.388,0.1574
S012_S055,S012,S055,3.07,5.59,1.74,5.34,7.89,8.81,light,1.6748,0.3048
S055_S012,S055,S012,3.07,5.16,1.69,4.91,7.39,8.3,light,1.5909,0.319
S012_S056,S012,S056,17.611,43.69,13.54,41.73,61.53,68.68,normal,3.7312,0.3029
S056_S012,S056,S012,17.611,41.9,12.66,40.1,58.58,65.22,normal,3.6915,0.2956
S012_S057,S012,S057,4.354,13.99,3.67,13.54,18.83,20.68,heavy,2.6053,0.2576
S057_S012,S057,S012,4.354,13.39,3.6,12.93,18.14,19.97,heavy,2.5599,0.2639
S012_S058,S012,S058,15.442,36.07,10.03,34.75,49.3,54.44,normal,3.5481,0.2729
S058_S012,S058,S012,15.442,35.46,10.51,34.0,49.32,54.79,normal,3.5265,0.29
S012_S060,S012,S060,11.132,16.84,4.04,16.38,22.18,24.17,normal,2.7958,0.2366
S060_S012,S060,S012,11.132,16.54,4.21,16.03,22.1,24.2,normal,2.7745,0.2503
S012_S062,S012,S062,7.01,13.69,4.11,13.11,19.11,21.26,light,2.5734,0.294
S062_S012,S062,S012,7.01,13.86,4.36,13.22,19.6,21.91,light,2.5817,0.3072
S012_S063,S012,S063,17.353,42.93,9.58,41.9,55.59,60.23,heavy,3.7354,0.2205
S063_S012,S063,S012,17.353,42.64,9.13,41.7,54.69,59.06,heavy,3.7305,0.2116
S012_S065,S012,S065,13.631,20.84,5.32,20.19,27.87,30.53,normal,3.0051,0.2515
S065_S012,S065,S012,13.631,20.21,5.21,19.58,27.09,29.7,normal,2.9743,0.2534
S012_S067,S012,S067,5.203,10.46,1.81,10.3,12.84,13.67,normal,2.3326,0.1716
S067_S012,S067,S012,5.203,11.04,1.85,10.88,13.47,14.31,normal,2.3873,0.1665
S012_S068,S012,S068,13.039,20.44,5.95,19.62,28.29,31.38,normal,2.9768,0.2853
S068_S012,S068,S012,13.039,21.81,6.06,21.01,29.81,32.91,normal,3.0452,0.2727
S012_S070,S012,S070,9.212,15.6,3.32,15.25,19.98,21.56,normal,2.7249,0.2103
S070_S012,S070,S012,9.212,15.11,3.11,14.8,19.21,20.68,normal,2.6947,0.2034
S012_S071,S012,S071,16.016,26.79,6.76,25.98,35.71,39.08,normal,3.2572,0.2483
S071_S012,S071,S012,16.016,27.2,6.86,26.38,36.26,39.68,normal,3.2726,0.2482
S012_S072,S012,S072,9.612,18.93,4.68,18.38,25.12,27.44,normal,2.9112,0.2437
S072_S012,S072,S012,9.612,19.1,4.67,18.55,25.27,27.58,normal,2.9206,0.2411
S012_S073,S012,S073,16.485,39.87,8.49,39.0,51.08,55.14,normal,3.6635,0.2106
S073_S012,S073,S012,16.485,40.63,9.11,39.65,52.67,57.08,normal,3.6801,0.2215
S012_S075,S012,S075,11.395,22.49,5.55,21.84,29.83,32.58,heavy,3.0836,0.2433
S075_S012,S075,S012,11.395,23.63,6.07,22.88,31.64,34.68,heavy,3.1304,0.2528
S013_S016,S013,S016,2.825,7.13,1.77,6.92,9.47,10.35,heavy,1.9339,0.2453
S016_S013,S016,S013,2.825,7.03,1.9,6.79,9.53,10.49,heavy,1.9153,0.2648
S013_S017,S013,S017,6.98,11.2,1.87,11.05,13.66,14.51,light,2.4026,0.1654
S017_S013,S017,S013,6.98,11.73,1.76,11.6,14.05,14.83,light,2.4513,0.1493
S013_S018,S013,S018,3.066,8.12,1.58,7.97,10.21,10.95,normal,2.0759,0.1932
S018_S013,S018,S013,3.066,7.69,1.57,7.54,9.76,10.51,normal,2.0196,0.2021
S013_S019,S013,S019,10.323,16.81,5.1,16.09,23.52,26.2,normal,2.7779,0.2965
S019_S013,S019,S013,10.323,16.84,5.17,16.1,23.65,26.38,normal,2.7786,0.3002
S013_S021,S013,S021,12.846,28.17,7.29,27.28,37.79,41.45,normal,3.306,0.2544
S021_S013,S021,S013,12.846,28.36,7.66,27.38,38.48,42.36,normal,3.3099,0.2653
S013_S022,S013,S022,14.04,30.57,7.28,29.74,40.19,43.77,heavy,3.3924,0.235
S022_S013,S022,S013,14.04,32.97,6.71,32.3,41.82,44.99,heavy,3.4752,0.2013
S013_S023,S013,S023,1.571,2.44,0.73,2.34,3.41,3.79,normal,0.8494,0.2938
S023_S013,S023,S013,1.571,2.59,0.66,2.51,3.47,3.8,normal,0.9189,0.2527
S013_S024,S013,S024,15.983,47.5,15.32,45.2,67.65,75.83,heavy,3.8112,0.3145
S024_S013,S024,S013,15.983,47.04,16.83,44.29,69.11,78.39,heavy,3.7907,0.3471
S013_S026,S013,S026,1.781,2.85,0.56,2.79,3.59,3.86,normal,1.0278,0.1955
S026_S013,S026,S013,1.781,3.01,0.57,2.96,3.77,4.04,normal,1.0852,0.189
S013_S027,S013,S027,13.102,34.72,9.49,33.5,47.25,52.08,heavy,3.5114,0.2683
S027_S013,S027,S013,13.102,36.46,10.07,35.15,49.75,54.89,heavy,3.5596,0.271
S013_S028,S013,S028,1.53,2.75,0.7,2.66,3.68,4.03,normal,0.9791,0.2524
S028_S013,S028,S013,1.53,2.67,0.73,2.58,3.64,4.01,normal,0.9459,0.2697
S013_S029,S013,S029,11.991,25.89,5.27,25.37,32.85,35.34,normal,3.2337,0.2014
S029_S013,S029,S013,11.991,27.9,5.46,27.39,35.1,37.66,normal,3.31,0.1937
S013_S031,S013,S031,4.528,15.34,5.26,14.52,22.25,25.11,heavy,2.6753,0.3331
S031_S013,S031,S013,4.528,16.37,5.77,15.44,23.95,27.12,heavy,2.737,0.3424
S013_S032,S013,S032,13.806,28.43,4.99,28.0,35.0,37.28,heavy,3.3321,0.1741
S032_S013,S032,S013,13.806,27.29,5.2,26.81,34.14,36.56,heavy,3.2886,0.1887
S013_S033,S013,S033,7.082,14.87,4.5,14.24,20.8,23.16,heavy,2.6558,0.2957
S033_S013,S033,S013,7.082,14.85,4.57,14.19,20.86,23.27,heavy,2.6526,0.3006
S013_S036,S013,S036,14.105,30.92,7.2,30.11,40.43,43.94,normal,3.4049,0.2298
S036_S013,S036,S013,14.105,28.82,7.62,27.86,38.88,42.73,normal,3.3271,0.2601
S013_S037,S013,S037,10.472,16.81,3.88,16.38,21.93,23.82,normal,2.7961,0.2276
S037_S013,S037,S013,10.472,16.21,4.21,15.69,21.78,23.9,normal,2.7532,0.2557
S013_S038,S013,S038,6.375,13.02,4.43,12.32,18.83,21.24,normal,2.5116,0.3308
S038_S013,S038,S013,6.375,13.19,4.75,12.41,19.42,22.05,normal,2.5183,0.3495
S013_S041,S013,S041,3.627,7.54,1.27,7.44,9.22,9.8,heavy,2.0066,0.1674
S041_S013,S041,S013,3.627,7.71,1.32,7.6,9.45,10.05,heavy,2.0275,0.1703
S013_S042,S013,S042,12.523,19.26,5.96,18.4,27.11,30.25,normal,2.9126,0.3021
S042_S013,S042,S013,12.523,18.4,5.87,17.52,26.13,29.25,normal,2.8636,0.3115
S013_S043,S013,S043,4.968,11.36,2.31,11.13,14.42,15.51,normal,2.4099,0.2016
S043_S013,S043,S013,4.968,11.07,2.35,10.83,14.17,15.29,normal,2.3819,0.2101
S013_S044,S013,S044,13.061,23.52,5.81,22.83,31.19,34.07,normal,3.1281,0.2434
S044_S013,S044,S013,13.061,25.0,6.12,24.28,33.08,36.1,normal,3.1898,0.2411
S013_S046,S013,S046,1.772,6.26,1.72,6.04,8.54,9.42,heavy,1.7979,0.2702
S046_S013,S046,S013,1.772,5.78,1.87,5.5,8.24,9.24,heavy,1.704,0.3159
S013_S047,S013,S047,13.099,31.24,7.54,30.37,41.19,44.91,normal,3.4133,0.2379
S047_S013,S047,S013,13.099,29.75,7.82,28.77,40.08,44.02,normal,3.3594,0.2585
S013_S048,S013,S048,5.554,13.53,3.79,13.02,18.52,20.46,normal,2.5668,0.2747
S048_S013,S048,S013,5.554,14.34,4.07,13.79,19.71,21.81,normal,2.624,0.2786
S013_S049,S013,S049,12.996,44.11,9.8,43.06,57.04,61.77,heavy,3.7625,0.2194
S049_S013,S049,S013,12.996,43.2,10.59,41.96,57.19,62.43,heavy,3.7367,0.2415
S013_S051,S013,S051,12.709,30.13,6.91,29.36,39.25,42.61,normal,3.3798,0.2263
S051_S013,S051,S013,12.709,31.22,7.26,30.4,40.81,44.35,normal,3.4146,0.2295
S013_S052,S013,S052,8.982,14.98,2.52,14.77,18.3,19.44,light,2.6926,0.1671
S052_S013,S052,S013,8.982,13.78,2.51,13.56,17.09,18.25,light,2.6071,0.1805
S013_S053,S013,S053,1.884,6.19,1.21,6.08,7.79,8.35,heavy,1.8044,0.1934
S053_S013,S053,S013,1.884,5.7,1.26,5.57,7.36,7.97,heavy,1.7176,0.2176
S013_S054,S013,S054,10.714,16.77,5.83,15.84,24.42,27.6,normal,2.7623,0.3378
S054_S013,S054,S013,10.714,17.29,5.8,16.39,24.91,28.05,normal,2.7966,0.3267
S013_S056,S013,S056,1.932,3.71,0.62,3.66,4.53,4.81,light,1.2962,0.1667
S056_S013,S056,S013,1.932,3.47,0.61,3.42,4.27,4.55,light,1.2295,0.1732
S013_S057,S013,S057,11.417,33.04,7.49,32.23,42.93,46.56,heavy,3.4728,0.2237
S057_S013,S057,S013,11.417,33.79,7.75,32.94,44.03,47.8,heavy,3.4946,0.2264
S013_S058,S013,S058,0.347,0.89,0.23,0.86,1.2,1.32,normal,-0.1474,0.2583
S058_S013,S058,S013,0.347,0.88,0.24,0.85,1.21,1.33,normal,-0.1606,0.2719
S013_S061,S013,S061,13.35,23.18,4.18,22.81,28.68,30.61,normal,3.1271,0.1788
S061_S013,S061,S013,13.35,23.61,4.13,23.25,29.05,30.94,normal,3.1465,0.1736
S013_S062,S013,S062,9.364,21.33,7.02,20.26,30.57,34.34,normal,3.0085,0.3209
S062_S013,S062,S013,9.364,22.19,7.15,21.12,31.6,35.42,normal,3.0502,0.3143
S013_S063,S013,S063,4.433,8.96,3.07,8.48,13.0,14.67,normal,2.1375,0.3332
S063_S013,S063,S013,4.433,9.38,2.92,8.96,13.22,14.76,normal,2.1924,0.3037
S013_S064,S013,S064,12.566,21.61,4.31,21.19,27.3,29.33,normal,3.0535,0.1977
S064_S013,S064,S013,12.566,21.95,4.41,21.52,27.77,29.85,normal,3.0692,0.1987
S013_S066,S013,S066,6.579,10.5,3.03,10.09,14.5,16.06,normal,2.312,0.2824
S066_S013,S066,S013,6.579,10.01,3.09,9.56,14.08,15.71,normal,2.258,0.3018
S013_S067,S013,S067,12.182,28.36,6.48,27.65,36.92,40.07,normal,3.3196,0.2255
S067_S013,S067,S013,12.182,26.34,6.99,25.46,35.57,39.1,normal,3.237,0.2609
S013_S068,S013,S068,5.167,6.41,1.6,6.22,8.52,9.32,light,1.8283,0.2452
S068_S013,S068,S013,5.167,6.15,1.64,5.94,8.31,9.14,light,1.7816,0.2623
S013_S069,S013,S069,15.281,52.85,17.32,50.22,75.64,84.94,heavy,3.9165,0.3194
S069_S013,S069,S013,15.281,56.97,18.83,54.09,81.73,91.86,heavy,3.9907,0.3219
S013_S071,S013,S071,7.198,23.66,7.62,22.52,33.69,37.76,heavy,3.1145,0.3142
S071_S013,S071,S013,7.198,23.15,7.9,21.91,33.53,37.83,heavy,3.087,0.3319
S013_S072,S013,S072,6.515,8.92,3.04,8.44,12.91,14.57,light,2.1332,0.3316
S072_S013,S072,S013,6.515,8.23,2.78,7.8,11.88,13.38,light,2.0537,0.3284
S013_S073,S013,S073,0.736,1.38,0.22,1.36,1.66,1.76,light,0.3077,0.157
S073_S013,S073,S013,0.736,1.48,0.21,1.46,1.76,1.85,light,0.379,0.1436
S013_S074,S013,S074,17.396,37.64,11.01,36.13,52.16,57.88,normal,3.587,0.2865
S074_S013,S074,S013,17.396,37.18,10.8,35.71,51.42,57.01,normal,3.5753,0.2845
S014_S015,S014,S015,12.419,28.9,7.44,27.98,38.72,42.45,heavy,3.3316,0.2534
S015_S014,S015,S014,12.419,27.87,7.16,26.99,37.32,40.91,heavy,3.2955,0.2528
S014_S019,S014,S019,10.192,25.62,4.88,25.16,32.06,34.33,heavy,3.2254,0.1889
S019_S014,S019,S014,10.192,25.77,4.78,25.33,32.06,34.28,heavy,3.2321,0.1838
S014_S020,S014,S020,7.929,11.66,3.69,11.11,16.52,18.49,light,2.4082,0.3094
S020_S014,S020,S014,7.929,11.3,3.65,10.76,16.11,18.06,light,2.3757,0.3148
S014_S024,S014,S024,5.381,7.86,1.55,7.71,9.91,10.64,normal,2.0428,0.1958
S024_S014,S024,S014,5.381,7.34,1.53,7.19,9.37,10.1,normal,1.9721,0.2067
S014_S025,S014,S025,5.736,11.08,3.01,10.69,15.05,16.58,normal,2.3693,0.2669
S025_S014,S025,S014,5.736,11.37,3.11,10.97,15.47,17.05,normal,2.3952,0.2682
S014_S029,S014,S029,9.94,23.38,3.57,23.11,28.07,29.66,normal,3.1402,0.1517
S029_S014,S029,S014,9.94,24.13,3.33,23.9,28.5,29.95,normal,3.174,0.1372
S014_S030,S014,S030,8.951,13.08,3.33,12.68,17.48,19.14,normal,2.5397,0.2506
S030_S014,S030,S014,8.951,12.38,3.08,12.02,16.45,17.98,normal,2.4863,0.2451
S014_S033,S014,S033,16.196,34.87,7.1,34.17,44.25,47.61,heavy,3.5313,0.2017
S033_S014,S033,S014,16.196,36.38,6.44,35.83,44.87,47.82,heavy,3.5787,0.1755
S014_S034,S014,S034,2.645,3.54,0.72,3.47,4.49,4.83,light,1.2429,0.2023
S034_S014,S034,S014,2.645,3.4,0.79,3.31,4.45,4.84,light,1.1983,0.2296
S014_S035,S014,S035,17.499,30.39,7.57,29.49,40.39,44.16,normal,3.3839,0.2455
S035_S014,S035,S014,17.499,29.71,7.57,28.79,39.71,43.49,normal,3.3599,0.2509
S014_S038,S014,S038,16.755,30.16,6.74,29.43,39.06,42.32,normal,3.382,0.2208
S038_S014,S038,S014,16.755,31.47,7.27,30.67,41.08,44.63,normal,3.4232,0.2281
S014_S039,S014,S039,6.456,9.28,1.61,9.14,11.4,12.13,light,2.2131,0.1718
S039_S014,S039,S014,6.456,8.6,1.72,8.44,10.88,11.69,light,2.1324,0.1983
S014_S040,S014,S040,12.05,26.89,6.57,26.12,35.56,38.81,normal,3.2626,0.2408
S040_S014,S040,S014,12.05,28.69,6.15,28.06,36.81,39.76,normal,3.3342,0.2119
S014_S043,S014,S043,15.54,22.63,3.55,22.35,27.31,28.9,normal,3.107,0.1561
S043_S014,S043,S014,15.54,23.5,3.5,23.24,28.1,29.65,normal,3.146,0.148
S014_S044,S014,S044,7.972,16.82,3.92,16.38,22.0,23.92,normal,2.7961,0.2302
S044_S014,S044,S014,7.972,16.2,3.59,15.82,20.95,22.68,normal,2.7613,0.219
S014_S048,S014,S048,14.942,41.09,10.29,39.86,54.68,59.8,heavy,3.6853,0.2466
S048_S014,S048,S014,14.942,38.98,10.91,37.54,53.38,58.98,heavy,3.6253,0.2747
S014_S049,S014,S049,7.841,9.61,3.27,9.09,13.91,15.69,light,2.2074,0.3315
S049_S014,S049,S014,7.841,10.19,3.51,9.63,14.8,16.71,light,2.2647,0.3353
S014_S050,S014,S050,9.121,12.41,2.63,12.14,15.89,17.15,light,2.4968,0.2098
S050_S014,S050,S014,9.121,12.52,2.37,12.3,15.65,16.76,light,2.5096,0.188
S014_S054,S014,S054,11.127,25.66,6.74,24.82,34.57,37.97,normal,3.2117,0.2584
S054_S014,S054,S014,11.127,26.65,6.4,25.91,35.1,38.25,normal,3.2547,0.2367
S014_S055,S014,S055,16.442,45.35,15.62,42.88,65.87,74.38,heavy,3.7584,0.3348
S055_S014,S055,S014,16.442,47.04,15.76,44.6,67.75,76.27,heavy,3.7977,0.3262
S014_S059,S014,S059,4.871,10.4,1.87,10.24,12.88,13.74,heavy,2.3263,0.1787
S059_S014,S059,S014,4.871,9.61,1.89,9.43,12.11,12.99,heavy,2.2441,0.1947
S014_S060,S014,S060,13.026,30.39,8.77,29.2,41.96,46.5,heavy,3.3741,0.2829
S060_S014,S060,S014,13.026,32.58,7.9,31.66,43.02,46.92,heavy,3.4552,0.239
S014_S063,S014,S063,17.275,29.49,9.43,28.09,41.9,46.93,normal,3.3354,0.312
S063_S014,S063,S014,17.275,28.58,8.88,27.3,40.28,44.97,normal,3.3068,0.3034
S014_S064,S014,S064,8.085,9.9,2.32,9.64,12.96,14.09,light,2.2656,0.2309
S064_S014,S064,S014,8.085,10.65,2.15,10.43,13.48,14.5,light,2.3451,0.1999
S014_S065,S014,S065,5.956,12.95,2.06,12.79,15.66,16.58,normal,2.5485,0.1578
S065_S014,S065,S014,5.956,13.77,2.06,13.62,16.49,17.4,normal,2.6115,0.149
S014_S068,S014,S068,15.472,25.77,5.79,25.15,33.42,36.22,normal,3.2248,0.2217
S068_S014,S068,S014,15.472,24.06,5.32,23.5,31.09,33.65,normal,3.1568,0.2184
S014_S069,S014,S069,6.603,13.65,4.29,13.02,19.3,21.57,light,2.5668,0.3066
S069_S014,S069,S014,6.603,13.85,3.91,13.33,19.01,21.02,light,2.59,0.277
S014_S070,S014,S070,13.554,23.07,4.06,22.72,28.43,30.29,normal,3.1233,0.1748
S070_S014,S070,S014,13.554,22.19,3.91,21.85,27.35,29.14,normal,3.0843,0.175
S014_S074,S014,S074,5.36,8.46,2.45,8.12,11.7,12.97,normal,2.0948,0.2843
S074_S014,S074,S014,5.36,8.21,2.34,7.9,11.3,12.51,normal,2.0666,0.2797
S014_S075,S014,S075,9.283,20.15,3.84,19.8,25.22,27.01,light,2.9855,0.1888
S075_S014,S075,S014,9.283,19.04,3.58,18.71,23.77,25.43,light,2.9292,0.1865
S015_S017,S015,S017,13.144,25.18,5.82,24.53,32.87,35.71,normal,3.2,0.2283
S017_S015,S017,S015,13.144,24.61,6.14,23.88,32.72,35.77,normal,3.1729,0.2457
S015_S019,S015,S019,11.368,29.67,7.2,28.83,39.18,42.73,heavy,3.3615,0.2392
S019_S015,S019,S015,11.368,27.72,7.64,26.73,37.81,41.71,heavy,3.2857,0.2706
S015_S020,S015,S020,4.743,8.61,2.51,8.27,11.92,13.22,light,2.1126,0.2851
S020_S015,S020,S015,4.743,8.22,2.68,7.81,11.75,13.19,light,2.0559,0.3183
S015_S022,S015,S022,8.458,20.33,5.94,19.51,28.16,31.25,normal,2.9709,0.2863
S022_S015,S022,S015,8.458,19.99,5.4,19.3,27.12,29.87,normal,2.9599,0.2656
S015_S024,S015,S024,13.877,40.18,12.62,38.33,56.8,63.49,heavy,3.6463,0.3067
S024_S015,S024,S015,13.877,37.16,12.38,35.26,53.44,60.12,heavy,3.5628,0.3243
S015_S025,S015,S025,8.489,16.41,4.92,15.72,22.89,25.46,normal,2.7547,0.2932
S025_S015,S025,S015,8.489,15.34,4.52,14.72,21.31,23.66,normal,2.6889,0.2888
S015_S027,S015,S027,12.814,27.4,4.78,27.0,33.7,35.88,heavy,3.2957,0.173
S027_S015,S027,S015,12.814,28.85,5.24,28.39,35.75,38.17,heavy,3.3459,0.18
S015_S029,S015,S029,15.615,38.06,11.98,36.31,53.84,60.19,normal,3.592,0.3073
S029_S015,S029,S015,15.615,39.2,13.03,37.2,56.33,63.36,normal,3.6163,0.3237
S015_S030,S015,S030,5.597,12.05,3.22,11.65,16.31,17.94,light,2.455,0.2626
S030_S015,S030,S015,5.597,11.13,2.94,10.76,15.01,16.5,light,2.3761,0.2597
S015_S032,S015,S032,8.89,13.32,3.18,12.95,17.52,19.08,normal,2.5614,0.2354
S032_S015,S032,S015,8.89,12.45,3.4,12.01,16.94,18.67,normal,2.4857,0.2682
S015_S034,S015,S034,15.048,23.65,4.13,23.3,29.09,30.98,normal,3.1483,0.1732
S034_S015,S034,S015,15.048,21.95,4.48,21.51,27.86,29.98,normal,3.0683,0.2019
S015_S035,S015,S035,7.834,20.69,6.1,19.85,28.74,31.92,heavy,2.9881,0.2888
S035_S015,S035,S015,7.834,19.14,6.33,18.17,27.45,30.86,heavy,2.8997,0.322
S015_S037,S015,S037,12.449,39.61,7.64,38.9,49.7,53.27,heavy,3.6609,0.1912
S037_S015,S037,S015,12.449,38.19,7.56,37.46,48.16,51.72,heavy,3.6232,0.1961
S015_S039,S015,S039,17.136,41.17,11.23,39.72,55.99,61.71,normal,3.6818,0.2679
S039_S015,S039,S015,17.136,39.5,10.77,38.1,53.72,59.2,normal,3.6403,0.2679
S015_S040,S015,S040,5.089,8.58,2.23,8.31,11.53,12.65,light,2.117,0.2559
S040_S015,S040,S015,5.089,8.02,2.18,7.74,10.9,12.01,light,2.0458,0.2672
S015_S042,S015,S042,6.617,13.07,3.64,12.59,17.87,19.73,normal,2.5327,0.2733
S042_S015,S042,S015,6.617,13.34,3.86,12.81,18.43,20.43,normal,2.5506,0.2835
S015_S044,S015,S044,13.789,21.83,7.59,20.62,31.8,35.95,normal,3.0262,0.338
S044_S015,S044,S015,13.789,21.34,7.66,20.08,31.38,35.61,normal,2.9999,0.3482
S015_S045,S015,S045,7.213,13.66,4.54,12.96,19.63,22.08,normal,2.5617,0.3239
S045_S015,S045,S015,7.213,13.41,4.25,12.79,19.01,21.27,normal,2.5483,0.3093
S015_S047,S015,S047,11.412,24.13,4.68,23.69,30.3,32.49,normal,3.165,0.192
S047_S015,S047,S015,11.412,22.42,5.14,21.86,29.21,31.71,normal,3.0846,0.2261
S015_S049,S015,S049,13.352,33.19,10.07,31.76,46.45,51.74,heavy,3.4581,0.2967
S049_S015,S049,S015,13.352,35.7,9.26,34.56,47.94,52.59,heavy,3.5427,0.2552
S015_S050,S015,S050,5.114,7.42,1.51,7.27,9.41,10.13,light,1.9842,0.2013
S050_S015,S050,S015,5.114,7.74,1.64,7.57,9.91,10.69,light,2.0238,0.2102
S015_S052,S015,S052,17.122,30.65,10.62,28.96,44.6,50.4,normal,3.366,0.3368
S052_S015,S052,S015,17.122,29.94,11.34,28.0,44.78,51.14,normal,3.3322,0.3662
S015_S054,S015,S054,15.883,24.5,4.54,24.09,30.48,32.58,normal,3.1816,0.1837
S054_S015,S054,S015,15.883,23.78,4.75,23.32,30.06,32.3,normal,3.1494,0.1979
S015_S055,S015,S055,6.127,12.6,3.38,12.17,17.07,18.78,normal,2.499,0.2637
S055_S015,S055,S015,6.127,13.5,3.42,13.09,18.03,19.73,normal,2.5718,0.2496
S015_S057,S015,S057,9.907,24.13,4.53,23.71,30.1,32.2,heavy,3.166,0.186
S057_S015,S057,S015,9.907,24.29,4.23,23.93,29.87,31.8,heavy,3.175,0.173
S015_S059,S015,S059,16.115,42.48,6.85,41.94,51.5,54.59,normal,3.7363,0.1602
S059_S015,S059,S015,16.115,40.57,6.89,40.0,49.65,52.78,normal,3.6889,0.1685
S015_S060,S015,S060,3.376,9.2,3.07,8.73,13.24,14.89,normal,2.1665,0.3248
S060_S015,S060,S015,3.376,9.65,2.97,9.22,13.57,15.13,normal,2.2219,0.3009
S015_S062,S015,S062,13.159,30.9,9.59,29.51,43.54,48.61,normal,3.3848,0.3034
S062_S015,S062,S015,13.159,28.73,8.92,27.43,40.48,45.19,normal,3.3118,0.3034
S015_S064,S015,S064,10.094,22.65,4.04,22.3,27.98,29.83,heavy,3.1046,0.1769
S064_S015,S064,S015,10.094,23.91,4.33,23.53,29.62,31.62,heavy,3.1581,0.1797
S015_S065,S015,S065,6.638,13.05,2.93,12.73,16.92,18.34,heavy,2.5439,0.222
S065_S015,S065,S015,6.638,13.23,2.84,12.93,16.97,18.33,heavy,2.5597,0.212
S015_S067,S015,S067,12.839,27.08,9.35,25.59,39.35,44.44,normal,3.2423,0.3355
S067_S015,S067,S015,12.839,29.02,9.89,27.47,42.01,47.39,normal,3.313,0.3315
S015_S069,S015,S069,14.744,28.98,8.11,27.91,39.68,43.84,heavy,3.3289,0.2746
S069_S015,S069,S015,14.744,29.94,8.21,28.87,40.78,44.97,heavy,3.3629,0.2693
S015_S070,S015,S070,9.57,14.43,3.94,13.92,19.63,21.63,normal,2.6334,0.2679
S070_S015,S070,S015,9.57,13.79,4.01,13.24,19.07,21.15,normal,2.5835,0.2846
S015_S072,S015,S072,14.59,34.32,7.25,33.58,43.9,47.36,normal,3.5139,0.2091
S072_S015,S072,S015,14.59,33.19,6.79,32.52,42.15,45.37,normal,3.4818,0.2024
S015_S074,S015,S074,15.356,41.81,12.14,40.15,57.83,64.12,normal,3.6927,0.2845
S074_S015,S074,S015,15.356,41.09,13.34,39.08,58.64,65.78,normal,3.6655,0.3166
S015_S075,S015,S075,3.206,4.66,0.73,4.6,5.62,5.94,normal,1.5264,0.1555
S075_S015,S075,S015,3.206,4.97,0.8,4.91,6.02,6.38,normal,1.591,0.1593
S016_S017,S016,S017,4.407,13.51,3.55,13.07,18.21,20.0,heavy,2.5701,0.2587
S017_S016,S017,S016,4.407,12.73,3.73,12.22,17.65,19.59,heavy,2.5032,0.2869
S016_S018,S016,S018,5.841,13.1,4.54,12.38,19.06,21.53,normal,2.5157,0.3367
S018_S016,S018,S016,5.841,13.38,4.96,12.55,19.87,22.63,normal,2.5296,0.3586
S016_S021,S016,S021,13.325,20.8,5.91,20.01,28.6,31.64,normal,2.9963,0.2785
S021_S016,S021,S016,13.325,22.09,5.84,21.35,29.8,32.76,normal,3.0612,0.2601
S016_S022,S016,S022,11.503,34.12,6.82,33.46,43.13,46.34,heavy,3.5104,0.198
S022_S016,S022,S016,11.503,33.31,7.21,32.55,42.83,46.29,heavy,3.4828,0.2141
S016_S023,S016,S023,4.29,9.54,1.52,9.42,11.55,12.23,heavy,2.2433,0.1586
S023_S016,S023,S016,4.29,9.9,1.67,9.76,12.1,12.85,heavy,2.2785,0.1672
S016_S026,S016,S026,1.954,3.99,0.99,3.87,5.3,5.79,heavy,1.3532,0.2449
S026_S016,S026,S016,1.954,3.89,0.97,3.78,5.17,5.65,heavy,1.3292,0.2446
S016_S027,S016,S027,10.292,16.01,4.93,15.3,22.5,25.09,normal,2.7278,0.3008
S027_S016,S027,S016,10.292,16.39,5.11,15.65,23.13,25.83,normal,2.7506,0.3045
S016_S028,S016,S028,2.596,5.24,0.86,5.17,6.38,6.77,light,1.6435,0.1636
S028_S016,S028,S016,2.596,5.07,0.83,5.0,6.17,6.54,light,1.6103,0.1631
S016_S031,S016,S031,6.829,9.99,1.65,9.85,12.15,12.9,normal,2.2877,0.1637
S031_S016,S031,S016,6.829,10.61,1.53,10.5,12.62,13.3,normal,2.351,0.1439
S016_S032,S016,S032,11.234,38.72,13.1,36.68,55.94,63.04,heavy,3.6022,0.3292
S032_S016,S032,S016,11.234,37.72,14.37,35.24,56.51,64.59,heavy,3.5623,0.3682
S016_S033,S016,S033,9.149,18.59,5.41,17.85,25.72,28.53,heavy,2.882,0.285
S033_S016,S033,S016,9.149,19.91,5.05,19.29,26.57,29.09,heavy,2.9598,0.2495
S016_S036,S016,S036,14.466,29.44,5.34,28.97,36.49,38.95,heavy,3.3663,0.18
S036_S016,S036,S016,14.466,28.65,5.85,28.07,36.37,39.14,heavy,3.3347,0.2021
S016_S037,S016,S037,7.703,15.31,3.99,14.81,20.58,22.59,normal,2.6956,0.2565
S037_S016,S037,S016,7.703,15.7,3.83,15.26,20.77,22.66,normal,2.725,0.2405
S016_S038,S016,S038,8.528,28.88,6.6,28.15,37.6,40.81,heavy,3.3376,0.2257
S038_S016,S038,S016,8.528,27.28,6.42,26.55,35.75,38.9,heavy,3.2791,0.2321
S016_S041,S016,S041,1.898,5.03,1.05,4.93,6.42,6.92,heavy,1.5944,0.2067
S041_S016,S041,S016,1.898,4.79,0.95,4.7,6.05,6.49,heavy,1.5471,0.1967
S016_S042,S016,S042,10.527,33.55,6.99,32.84,42.78,46.1,heavy,3.4917,0.2062
S042_S016,S042,S016,10.527,33.41,6.45,32.8,41.92,44.94,heavy,3.4904,0.1914
S016_S043,S016,S043,5.857,9.32,2.28,9.06,12.33,13.46,normal,2.2035,0.2407
S043_S016,S043,S016,5.857,8.71,2.3,8.42,11.75,12.9,normal,2.1312,0.2592
S016_S046,S016,S046,1.056,2.47,0.81,2.34,3.53,3.96,normal,0.8517,0.3188
S046_S016,S046,S016,1.056,2.34,0.73,2.24,3.31,3.7,normal,0.8043,0.3057
S016_S047,S016,S047,10.346,20.16,4.09,19.76,25.55,27.48,normal,2.9835,0.2006
S047_S016,S047,S016,10.346,20.37,3.8,20.02,25.38,27.14,normal,2.9967,0.185
S016_S048,S016,S048,6.321,10.55,1.79,10.41,12.91,13.72,normal,2.3425,0.1681
S048_S016,S048,S016,6.321,11.08,1.76,10.94,13.39,14.18,normal,2.3923,0.1576
S016_S051,S016,S051,12.452,27.16,5.31,26.66,34.18,36.67,heavy,3.2832,0.1937
S051_S016,S051,S016,12.452,28.65,5.65,28.1,36.1,38.75,heavy,3.3359,0.1953
S016_S052,S016,S052,6.336,16.9,4.34,16.37,22.64,24.81,heavy,2.7952,0.253
S052_S016,S052,S016,6.336,17.09,4.11,16.62,22.53,24.56,heavy,2.8106,0.2373
S016_S053,S016,S053,0.941,1.72,0.39,1.67,2.23,2.43,light,0.5141,0.226
S053_S016,S053,S016,0.941,1.72,0.42,1.67,2.28,2.49,light,0.5103,0.2436
S016_S056,S016,S056,4.488,7.08,2.02,6.81,9.75,10.8,normal,1.9187,0.2799
S056_S016,S056,S016,4.488,6.65,2.13,6.34,9.45,10.59,normal,1.8466,0.3119
S016_S057,S016,S057,8.865,20.89,7.25,19.74,30.41,34.37,normal,2.9826,0.3371
S057_S016,S057,S016,8.865,21.92,6.71,20.97,30.76,34.29,normal,3.0429,0.299
S016_S058,S016,S058,2.478,6.59,2.29,6.22,9.59,10.85,heavy,1.8281,0.3378
S058_S016,S058,S016,2.478,6.27,2.44,5.85,9.46,10.84,heavy,1.766,0.375
S016_S061,S016,S061,14.053,33.78,9.09,32.63,45.78,50.39,normal,3.4851,0.2643
S061_S016,S061,S016,14.053,36.0,9.84,34.73,48.99,54.01,normal,3.5476,0.2684
S016_S062,S016,S062,6.576,22.82,5.19,22.25,29.69,32.21,heavy,3.1025,0.2248
S062_S016,S062,S016,6.576,23.01,5.57,22.37,30.36,33.11,heavy,3.1076,0.2384
S016_S063,S016,S063,6.478,10.2,3.4,9.68,14.67,16.51,light,2.2696,0.3247
S063_S016,S063,S016,6.478,10.67,3.48,10.14,15.25,17.12,light,2.3164,0.3184
S016_S066,S016,S066,8.116,20.26,4.74,19.73,26.52,28.83,heavy,2.9819,0.2308
S066_S016,S066,S016,8.116,19.12,4.8,18.55,25.47,27.86,heavy,2.9203,0.2473
S016_S067,S016,S067,9.375,14.21,4.87,13.44,20.61,23.26,light,2.5981,0.3335
S067_S016,S067,S016,9.375,15.17,4.93,14.43,21.66,24.31,light,2.6693,0.317
S016_S068,S016,S068,5.02,12.54,2.6,12.28,15.97,17.2,normal,2.5078,0.205
S068_S016,S068,S016,5.02,13.3,2.48,13.07,16.56,17.71,normal,2.5705,0.1846
S016_S071,S016,S071,6.164,14.23,3.76,13.75,19.19,21.09,heavy,2.6213,0.26
S071_S016,S071,S016,6.164,13.17,3.59,12.71,17.91,19.74,heavy,2.5423,0.2678
S016_S072,S016,S072,3.721,12.12,3.29,11.69,16.46,18.14,heavy,2.459,0.2669
S072_S016,S072,S016,3.721,11.22,3.55,10.7,15.9,17.78,heavy,2.3703,0.3087
S016_S073,S016,S073,3.554,10.05,1.99,9.86,12.68,13.61,heavy,2.2889,0.1956
S073_S016,S073,S016,3.554,10.73,2.14,10.52,13.56,14.57,heavy,2.3536,0.1978
S017_S018,S017,S018,9.673,25.91,8.12,24.72,36.6,40.91,normal,3.2076,0.3062
S018_S017,S018,S017,9.673,25.12,8.68,23.75,36.52,41.25,normal,3.1674,0.3357
S017_S020,S017,S020,13.106,27.11,7.78,26.05,37.37,41.39,heavy,3.2602,0.2813
S020_S017,S020,S017,13.106,25.52,8.52,24.21,36.72,41.31,heavy,3.1867,0.3249
S017_S021,S017,S021,16.814,32.69,10.3,31.18,46.26,51.72,normal,3.4397,0.3077
S021_S017,S021,S017,16.814,33.89,10.52,32.36,47.74,53.3,normal,3.477,0.3033
S017_S022,S017,S022,7.101,24.18,5.76,23.52,31.79,34.63,heavy,3.1579,0.2351
S022_S017,S022,S017,7.101,25.11,6.06,24.41,33.12,36.11,heavy,3.1951,0.238
S017_S023,S017,S023,8.54,13.02,4.09,12.42,18.41,20.58,normal,2.5197,0.3068
S023_S017,S023,S017,8.54,12.12,4.26,11.43,17.71,20.05,normal,2.4364,0.3416
S017_S025,S017,S025,13.06,26.06,7.98,24.92,36.57,40.77,normal,3.2156,0.2993
S025_S017,S025,S017,13.06,27.64,7.23,26.74,37.18,40.82,normal,3.2863,0.2571
S017_S026,S017,S026,6.349,12.52,3.96,11.94,17.75,19.85,light,2.4799,0.3091
S026_S017,S026,S017,6.349,12.02,3.93,11.43,17.19,19.3,light,2.4359,0.3187
S017_S027,S017,S027,6.53,9.71,2.82,9.32,13.43,14.9,normal,2.2323,0.285
S027_S017,S027,S017,6.53,9.5,2.8,9.11,13.2,14.66,normal,2.2099,0.2889
S017_S028,S017,S028,6.03,10.27,3.44,9.74,14.79,16.65,light,2.2763,0.3258
S028_S017,S028,S017,6.03,9.85,3.43,9.3,14.35,16.22,light,2.23,0.3383
S017_S030,S017,S030,10.784,20.92,7.16,19.8,30.33,34.22,normal,2.9856,0.3327
S030_S017,S030,S017,10.784,21.22,6.94,20.16,30.35,34.07,normal,3.0038,0.319
S017_S031,S017,S031,11.231,26.67,8.77,25.33,38.21,42.92,normal,3.2321,0.3205
S031_S017,S031,S017,11.231,28.08,8.05,26.99,38.7,42.86,normal,3.2955,0.2811
S017_S032,S017,S032,6.843,18.21,2.91,17.98,22.04,23.35,normal,2.8893,0.1589
S032_S017,S032,S017,6.843,19.25,3.0,19.02,23.2,24.54,normal,2.9455,0.1548
S017_S033,S017,S033,11.566,19.52,3.98,19.13,24.77,26.65,normal,2.951,0.2017
S033_S017,S033,S017,11.566,19.56,4.27,19.11,25.2,27.25,normal,2.9502,0.2157
S017_S035,S017,S035,6.752,13.23,3.79,12.72,18.23,20.18,heavy,2.5429,0.2808
S035_S017,S035,S017,6.752,14.1,3.9,13.59,19.25,21.24,heavy,2.6093,0.2716
S017_S036,S017,S036,17.813,31.41,4.77,31.06,37.68,39.8,normal,3.4359,0.1508
S036_S017,S036,S017,17.813,31.96,5.19,31.54,38.79,41.13,normal,3.4514,0.1613
S017_S037,S017,S037,3.758,6.22,1.82,5.97,8.61,9.56,normal,1.7868,0.2859
S037_S017,S037,S017,3.758,6.14,1.77,5.9,8.48,9.39,normal,1.7755,0.2824
S017_S038,S017,S038,11.138,23.07,4.62,22.61,29.16,31.34,normal,3.1186,0.1984
S038_S017,S038,S017,11.138,22.34,4.64,21.87,28.46,30.67,normal,3.085,0.2056
S017_S040,S017,S040,8.545,12.64,3.37,12.21,17.1,18.8,light,2.5026,0.2623
S040_S017,S040,S017,8.545,12.66,3.48,12.21,17.26,19.04,light,2.5024,0.2701
S017_S041,S017,S041,5.429,8.38,1.88,8.18,10.87,11.78,normal,2.1013,0.2221
S041_S017,S041,S017,5.429,8.11,1.74,7.93,10.4,11.24,normal,2.0708,0.2117
S017_S042,S017,S042,6.527,16.82,5.85,15.89,24.5,27.7,normal,2.7658,0.3378
S042_S017,S042,S017,6.527,17.8,5.57,16.99,25.14,28.09,normal,2.8324,0.3057
S017_S043,S017,S043,7.393,12.25,4.02,11.63,17.54,19.7,normal,2.454,0.3201
S043_S017,S043,S017,7.393,11.64,4.04,10.99,16.94,19.14,normal,2.3973,0.3371
S017_S045,S017,S045,8.607,26.01,4.2,25.68,31.54,33.42,heavy,3.2456,0.1603
S045_S017,S045,S017,8.607,26.68,4.35,26.33,32.4,34.36,heavy,3.2707,0.1619
S017_S046,S017,S046,5.362,8.83,2.48,8.5,12.11,13.38,normal,2.1404,0.2758
S046_S017,S046,S017,5.362,8.49,2.44,8.16,11.72,12.98,normal,2.0995,0.2819
S017_S047,S017,S047,6.244,12.59,1.98,12.43,15.19,16.08,normal,2.5205,0.1561
S047_S017,S047,S017,6.244,12.27,2.06,12.1,14.99,15.92,normal,2.4934,0.1668
S017_S048,S017,S048,7.544,17.1,4.75,16.48,23.37,25.8,heavy,2.8022,0.2725
S048_S017,S048,S017,7.544,18.22,4.91,17.59,24.7,27.19,heavy,2.8672,0.2649
S017_S050,S017,S050,17.102,31.92,10.19,30.41,45.33,50.76,normal,3.4148,0.3114
S050_S017,S050,S017,17.102,33.84,9.54,32.58,46.43,51.33,normal,3.4836,0.2764
S017_S051,S017,S051,15.269,38.25,6.72,37.67,47.1,50.18,normal,3.6289,0.1743
S051_S017,S051,S017,15.269,39.63,6.8,39.06,48.58,51.68,normal,3.665,0.1702
S017_S052,S017,S052,5.305,7.91,2.68,7.49,11.43,12.89,normal,2.0133,0.3302
S052_S017,S052,S017,5.305,8.1,2.53,7.73,11.44,12.78,normal,2.0455,0.3055
S017_S053,S017,S053,5.239,16.03,5.2,15.25,22.87,25.66,heavy,2.7246,0.3162
S053_S017,S053,S017,5.239,16.77,5.02,16.07,23.39,26.02,heavy,2.7767,0.2931
S017_S055,S017,S055,8.175,15.32,3.2,15.0,19.55,21.07,light,2.708,0.2066
S055_S017,S055,S017,8.175,15.25,3.43,14.88,19.79,21.45,light,2.6999,0.2224
S017_S056,S017,S056,8.816,13.35,4.52,12.65,19.3,21.75,light,2.5374,0.3297
S056_S017,S056,S017,8.816,13.29,4.25,12.66,18.89,21.15,light,2.5387,0.3118
S017_S057,S017,S057,4.464,10.98,3.14,10.55,15.12,16.74,normal,2.3565,0.2805
S057_S017,S057,S017,4.464,10.82,3.37,10.33,15.27,17.05,normal,2.3355,0.3045
S017_S058,S017,S058,6.652,15.96,5.56,15.07,23.25,26.29,normal,2.7125,0.3385
S058_S017,S058,S017,6.652,15.72,5.64,14.8,23.11,26.22,normal,2.6947,0.3477
S017_S060,S017,S060,16.501,24.67,5.96,23.98,32.54,35.48,normal,3.1772,0.2381
S060_S017,S060,S017,16.501,26.1,5.58,25.52,33.46,36.13,normal,3.2396,0.2113
S017_S061,S017,S061,17.702,60.72,13.15,59.34,78.08,84.39,heavy,4.0833,0.2141
S061_S017,S061,S017,17.702,58.9,11.98,57.72,74.72,80.39,heavy,4.0556,0.2014
S017_S062,S017,S062,2.864,5.54,1.06,5.44,6.94,7.43,normal,1.6932,0.1901
S062_S017,S062,S017,2.864,5.6,0.99,5.52,6.91,7.36,normal,1.708,0.1753
S017_S063,S017,S063,9.235,14.7,4.5,14.05,20.62,22.98,normal,2.6428,0.2991
S063_S017,S063,S017,9.235,14.97,4.62,14.3,21.05,23.48,normal,2.6603,0.3015
S017_S065,S017,S065,14.199,28.33,9.72,26.8,41.1,46.39,normal,3.2884,0.3336
S065_S017,S065,S017,14.199,26.09,9.79,24.42,38.89,44.36,normal,3.1956,0.3628
S017_S066,S017,S066,12.396,20.31,6.91,19.23,29.39,33.14,normal,2.9566,0.3308
S066_S017,S066,S017,12.396,21.15,6.95,20.09,30.29,34.02,normal,3.0003,0.3202
S017_S067,S017,S067,5.63,15.11,2.28,14.94,18.11,19.12,normal,2.704,0.15
S067_S017,S067,S017,5.63,14.45,2.45,14.24,17.68,18.79,normal,2.6563,0.1684
S017_S068,S017,S068,5.569,11.83,2.02,11.66,14.49,15.41,normal,2.4565,0.1693
S068_S017,S068,S017,5.569,11.2,2.15,11.0,14.04,15.04,normal,2.398,0.1901
S017_S070,S017,S070,5.172,11.1,2.31,10.86,14.15,15.25,normal,2.3854,0.206
S070_S017,S070,S017,5.172,10.98,2.4,10.73,14.14,15.3,normal,2.3727,0.2157
S017_S071,S017,S071,8.791,28.86,10.08,27.24,42.08,47.6,heavy,3.3048,0.3392
S071_S017,S071,S017,8.791,28.21,9.45,26.75,40.63,45.73,heavy,3.2864,0.3261
S017_S072,S017,S072,1.547,3.06,1.02,2.9,4.4,4.95,heavy,1.0651,0.3249
S072_S017,S072,S017,1.547,2.82,0.96,2.67,4.09,4.61,heavy,0.9826,0.3321
S017_S073,S017,S073,7.705,9.42,1.81,9.26,11.82,12.66,light,2.2252,0.1905
S073_S017,S073,S017,7.705,9.56,1.69,9.41,11.79,12.57,light,2.2421,0.1756
S017_S075,S017,S075,14.285,39.45,11.05,37.99,54.03,59.69,heavy,3.6372,0.2748
S075_S017,S075,S017,14.285,38.66,11.36,37.09,53.64,59.55,heavy,3.6134,0.2878
S018_S019,S018,S019,10.506,16.84,4.63,16.24,22.95,25.31,normal,2.7876,0.2697
S019_S018,S019,S018,10.506,18.18,4.78,17.58,24.49,26.89,normal,2.8668,0.2584
S018_S021,S018,S021,13.788,23.59,3.63,23.31,28.36,29.98,normal,3.149,0.153
S021_S018,S021,S018,13.788,22.14,3.59,21.85,26.87,28.49,normal,3.0843,0.1612
S018_S022,S018,S022,16.551,40.58,8.14,39.79,51.32,55.16,normal,3.6835,0.1986
S022_S018,S022,S018,16.551,38.33,8.46,37.43,49.5,53.57,normal,3.6224,0.218
S018_S023,S018,S023,2.155,3.18,0.67,3.11,4.06,4.38,light,1.1342,0.208
S023_S018,S023,S018,2.155,3.26,0.64,3.2,4.1,4.4,light,1.1627,0.1936
S018_S024,S018,S024,15.231,36.17,6.42,35.61,44.63,47.57,heavy,3.5726,0.1761
S024_S018,S024,S018,15.231,36.23,6.57,35.65,44.89,47.92,heavy,3.5738,0.1798
S018_S026,S018,S026,4.713,13.8,4.24,13.2,19.39,21.62,heavy,2.5799,0.3001
S026_S018,S026,S018,4.713,13.14,3.98,12.57,18.39,20.48,heavy,2.5315,0.2965
S018_S027,S018,S027,16.011,47.57,12.11,46.1,63.57,69.63,heavy,3.8309,0.2506
S027_S018,S027,S018,16.011,46.49,11.9,45.04,62.2,68.16,heavy,3.8076,0.2518
S018_S028,S018,S028,3.644,8.67,2.25,8.4,11.65,12.78,normal,2.1277,0.2554
S028_S018,S028,S018,3.644,8.93,2.24,8.67,11.9,13.01,normal,2.1594,0.2472
S018_S029,S018,S029,10.827,32.86,5.01,32.48,39.46,41.69,heavy,3.4807,0.1517
S029_S018,S029,S018,10.827,35.0,5.35,34.59,42.03,44.41,heavy,3.5437,0.1519
S018_S031,S018,S031,3.997,5.76,1.04,5.67,7.13,7.6,light,1.7353,0.1784
S031_S018,S031,S018,3.997,6.02,0.95,5.95,7.27,7.69,light,1.7827,0.1565
S018_S032,S018,S032,16.361,26.92,8.91,25.55,38.63,43.43,normal,3.2407,0.3224
S032_S018,S032,S018,16.361,25.76,9.78,24.08,38.54,44.03,normal,3.1814,0.3669
S018_S033,S018,S033,4.907,8.96,2.18,8.71,11.84,12.91,light,2.1644,0.2394
S033_S018,S033,S018,4.907,9.41,2.34,9.13,12.5,13.67,light,2.212,0.2449
S018_S036,S018,S036,15.112,23.22,5.16,22.67,30.04,32.53,normal,3.1211,0.2194
S036_S018,S036,S018,15.112,22.53,5.4,21.9,29.66,32.32,normal,3.0867,0.2365
S018_S037,S018,S037,13.319,45.14,13.62,43.22,63.09,70.22,heavy,3.7662,0.2951
S037_S018,S037,S018,13.319,41.6,12.63,39.8,58.24,64.88,heavy,3.6839,0.297
S018_S038,S018,S038,4.152,9.62,2.08,9.41,12.37,13.36,heavy,2.2415,0.2133
S038_S018,S038,S018,4.152,10.32,1.98,10.14,12.94,13.86,heavy,2.3164,0.19
S018_S039,S018,S039,17.207,28.16,6.32,27.48,36.52,39.58,normal,3.3134,0.2218
S039_S018,S039,S018,17.207,26.73,6.2,26.04,34.92,37.94,normal,3.2597,0.2288
S018_S041,S018,S041,6.627,13.02,2.66,12.75,16.53,17.79,heavy,2.5457,0.2023
S041_S018,S041,S018,6.627,13.41,2.65,13.16,16.91,18.15,heavy,2.5769,0.1956
S018_S042,S018,S042,14.488,38.56,12.62,36.65,55.15,61.92,heavy,3.6013,0.3189
S042_S018,S042,S018,14.488,36.17,13.11,34.0,53.36,60.62,heavy,3.5265,0.3514
S018_S043,S018,S043,4.946,12.81,4.33,12.13,18.5,20.85,normal,2.4957,0.3294
S043_S018,S043,S018,4.946,11.99,4.69,11.17,18.12,20.78,normal,2.4132,0.3773
S018_S044,S018,S044,12.32,23.35,6.16,22.58,31.49,34.6,normal,3.1171,0.2594
S044_S018,S044,S018,12.32,22.16,6.01,21.39,30.1,33.15,normal,3.0628,0.2665
S018_S046,S018,S046,4.808,9.89,1.54,9.77,11.92,12.61,normal,2.2795,0.1548
S046_S018,S046,S018,4.808,9.86,1.54,9.75,11.89,12.57,normal,2.2768,0.1549
S018_S047,S018,S047,15.9,32.4,7.72,31.52,42.59,46.38,heavy,3.4505,0.2349
S047_S018,S047,S018,15.9,31.16,7.43,30.31,40.98,44.63,heavy,3.4116,0.2351
S018_S048,S018,S048,5.498,9.14,2.61,8.79,12.58,13.93,normal,2.1735,0.28
S048_S018,S048,S018,5.498,9.84,2.7,9.49,13.4,14.78,normal,2.2501,0.2694
S018_S049,S018,S049,12.359,25.78,6.56,24.98,34.45,37.73,normal,3.2181,0.2506
S049_S018,S049,S018,12.359,26.27,6.48,25.5,34.82,38.03,normal,3.2388,0.2429
S018_S051,S018,S051,14.35,23.57,5.81,22.88,31.24,34.12,normal,3.1304,0.2428
S051_S018,S051,S018,14.35,24.23,5.67,23.59,31.73,34.5,normal,3.161,0.231
S018_S052,S018,S052,12.047,18.64,4.88,18.03,25.08,27.53,normal,2.8921,0.2573
S052_S018,S052,S018,12.047,17.31,5.02,16.63,23.93,26.53,normal,2.811,0.284
S018_S053,S018,S053,4.912,15.83,5.06,15.07,22.49,25.18,heavy,2.713,0.312
S053_S018,S053,S018,4.912,16.76,4.63,16.16,22.87,25.24,heavy,2.7823,0.2712
S018_S054,S018,S054,9.502,17.91,3.55,17.57,22.6,24.26,normal,2.8661,0.1963
S054_S018,S054,S018,9.502,16.62,3.35,16.29,21.05,22.63,normal,2.7907,0.1997
S018_S056,S018,S056,2.502,4.31,0.99,4.2,5.62,6.1,normal,1.4339,0.2277
S056_S018,S056,S018,2.502,4.02,0.98,3.9,5.31,5.8,normal,1.361,0.241
S018_S057,S018,S057,13.982,25.07,4.2,24.73,30.61,32.51,normal,3.2079,0.1664
S057_S018,S057,S018,13.982,24.86,3.88,24.56,29.97,31.71,normal,3.2012,0.1552
S018_S058,S018,S058,3.403,5.43,1.52,5.23,7.45,8.23,light,1.6545,0.2754
S058_S018,S058,S018,3.403,5.35,1.38,5.18,7.18,7.87,light,1.6445,0.2544
S018_S061,S018,S061,14.03,25.52,8.04,24.34,36.12,40.39,normal,3.1923,0.3077
S061_S018,S061,S018,14.03,27.42,8.27,26.25,38.31,42.64,normal,3.2676,0.295
S018_S062,S018,S062,12.248,18.46,4.85,17.86,24.86,27.31,normal,2.8825,0.2581
S062_S018,S062,S018,12.248,18.97,5.28,18.27,25.94,28.65,normal,2.9055,0.2733
S018_S063,S018,S063,2.871,5.89,0.95,5.81,7.13,7.56,normal,1.7598,0.1598
S063_S018,S063,S018,2.871,6.21,0.92,6.14,7.41,7.82,normal,1.8155,0.1465
S018_S064,S018,S064,12.756,20.49,5.53,19.78,27.8,30.61,normal,2.9849,0.2653
S064_S018,S064,S018,12.756,21.01,5.77,20.26,28.63,31.57,normal,3.0085,0.2698
S018_S066,S018,S066,6.858,16.95,5.12,16.22,23.69,26.37,normal,2.7865,0.2953
S066_S018,S066,S018,6.858,15.6,4.97,14.86,22.14,24.78,normal,2.6988,0.3108
S018_S067,S018,S067,15.09,26.11,8.09,24.94,36.77,41.05,normal,3.2165,0.3029
S067_S018,S067,S018,15.09,26.2,8.42,24.95,37.29,41.78,normal,3.2168,0.3135
S018_S068,S018,S068,6.185,16.19,2.96,15.93,20.1,21.47,normal,2.7683,0.1813
S068_S018,S068,S018,6.185,17.03,3.1,16.75,21.12,22.56,normal,2.8186,0.1808
S018_S069,S018,S069,14.342,38.49,7.73,37.73,48.69,52.34,heavy,3.6305,0.1989
S069_S018,S069,S018,14.342,36.56,8.4,35.63,47.65,51.74,heavy,3.5733,0.2267
S018_S071,S018,S071,9.682,19.46,4.7,18.91,25.66,27.98,normal,2.9399,0.238
S071_S018,S071,S018,9.682,20.13,4.33,19.68,25.85,27.92,normal,2.9797,0.2126
S018_S072,S018,S072,9.435,15.89,5.33,15.06,22.89,25.77,light,2.7121,0.3264
S072_S018,S072,S018,9.435,16.58,5.27,15.8,23.52,26.33,light,2.7598,0.3105
S018_S073,S018,S073,2.413,4.12,1.4,3.9,5.96,6.73,normal,1.36,0.3319
S073_S018,S073,S018,2.413,4.42,1.27,4.25,6.09,6.75,normal,1.4473,0.2806
S018_S074,S018,S074,16.419,26.82,6.99,25.96,36.06,39.58,normal,3.2565,0.2564
S074_S018,S074,S018,16.419,28.28,6.97,27.46,37.49,40.94,normal,3.3127,0.2428
S019_S020,S019,S020,8.004,14.93,4.99,14.16,21.49,24.18,normal,2.6504,0.3254
S020_S019,S020,S019,8.004,15.39,4.66,14.73,21.54,23.98,normal,2.6896,0.2965
S019_S023,S019,S023,11.325,17.74,3.03,17.49,21.73,23.11,normal,2.8614,0.1695
S023_S019,S023,S019,11.325,18.02,3.26,17.74,22.32,23.83,normal,2.8757,0.1794
S019_S024,S019,S024,6.525,12.2,2.77,11.9,15.86,17.21,normal,2.4766,0.2241
S024_S019,S024,S019,6.525,11.76,3.03,11.39,15.76,17.28,normal,2.4328,0.2532
S019_S025,S019,S025,5.419,7.85,1.89,7.63,10.35,11.28,normal,2.0326,0.2372
S025_S019,S025,S019,5.419,7.4,1.93,7.16,9.94,10.91,normal,1.9682,0.2563
S019_S028,S019,S028,8.85,13.37,3.37,12.96,17.82,19.51,normal,2.5618,0.2486
S028_S019,S028,S019,8.85,13.82,3.67,13.36,18.66,20.52,normal,2.592,0.2609
S019_S029,S019,S029,4.956,8.58,1.63,8.43,10.73,11.49,normal,2.1318,0.1885
S029_S019,S029,S019,4.956,8.84,1.77,8.67,11.17,12.01,normal,2.1594,0.1983
S019_S030,S019,S030,5.931,14.43,4.22,13.85,19.99,22.18,normal,2.6286,0.2861
S030_S019,S030,S019,5.931,14.44,4.38,13.82,20.22,22.51,normal,2.6262,0.2966
S019_S033,S019,S033,7.884,16.63,2.88,16.39,20.42,21.74,normal,2.7964,0.1718
S033_S019,S033,S019,7.884,16.79,2.93,16.55,20.65,21.99,normal,2.8061,0.1729
S019_S034,S019,S034,11.99,17.61,5.14,16.9,24.39,27.06,normal,2.8275,0.2861
S034_S019,S034,S019,11.99,18.31,5.49,17.54,25.55,28.42,normal,2.8642,0.2936
S019_S035,S019,S035,11.034,32.24,10.3,30.71,45.8,51.29,heavy,3.4247,0.3117
S035_S019,S035,S019,11.034,32.36,9.32,31.1,44.66,49.48,heavy,3.4371,0.2824
S019_S038,S019,S038,8.133,19.59,5.57,18.85,26.94,29.8,normal,2.9363,0.2786
S038_S019,S038,S019,8.133,18.86,5.88,18.01,26.61,29.72,normal,2.8907,0.3047
S019_S039,S019,S039,9.827,14.15,4.06,13.6,19.5,21.59,normal,2.6102,0.281
S039_S019,S039,S019,9.827,14.92,4.21,14.36,20.47,22.64,normal,2.6642,0.2769
S019_S040,S019,S040,7.0,12.79,3.85,12.25,17.87,19.88,light,2.5057,0.2942
S040_S019,S040,S019,7.0,12.5,3.81,11.96,17.53,19.53,light,2.4817,0.298
S019_S043,S019,S043,5.608,9.8,2.8,9.43,13.49,14.93,normal,2.2437,0.2796
S043_S019,S043,S019,5.608,10.18,2.83,9.81,13.92,15.37,normal,2.2836,0.2727
S019_S044,S019,S044,4.168,9.35,2.87,8.94,13.13,14.64,normal,2.1903,0.3
S044_S019,S044,S019,4.168,9.64,2.61,9.3,13.08,14.41,normal,2.2303,0.2659
S019_S045,S019,S045,12.463,25.24,5.89,24.58,33.01,35.89,normal,3.2018,0.2302
S045_S019,S045,S019,12.463,24.48,5.95,23.79,32.34,35.28,normal,3.1692,0.2396
S019_S048,S019,S048,5.027,18.29,3.66,17.94,23.13,24.85,heavy,2.8868,0.1983
S048_S019,S048,S019,5.027,19.26,3.96,18.86,24.49,26.37,heavy,2.9371,0.2037
S019_S049,S019,S049,3.835,6.38,1.78,6.14,8.73,9.64,normal,1.8149,0.2743
S049_S019,S049,S019,3.835,6.66,1.95,6.39,9.23,10.24,normal,1.8547,0.2866
S019_S050,S019,S050,12.513,26.93,4.99,26.47,33.51,35.83,normal,3.2762,0.1839
S050_S019,S050,S019,12.513,25.09,5.46,24.52,32.3,34.92,normal,3.1995,0.2149
S019_S053,S019,S053,10.175,22.46,3.9,22.12,27.6,29.39,heavy,3.0967,0.1726
S053_S019,S053,S019,10.175,22.2,3.95,21.86,27.41,29.22,heavy,3.0845,0.1765
S019_S054,S019,S054,4.749,11.58,3.09,11.19,15.66,17.22,normal,2.415,0.2622
S054_S019,S054,S019,4.749,10.67,3.07,10.25,14.71,16.3,normal,2.3272,0.2821
S019_S055,S019,S055,10.975,16.16,2.55,15.96,19.52,20.67,normal,2.7702,0.157
S055_S019,S055,S019,10.975,16.41,2.69,16.19,19.96,21.17,normal,2.7846,0.163
S019_S058,S019,S058,10.268,17.85,5.69,17.01,25.35,28.37,normal,2.8339,0.311
S058_S019,S058,S019,10.268,17.83,5.77,16.96,25.42,28.51,normal,2.8309,0.3157
S019_S059,S019,S059,9.938,20.45,6.27,19.55,28.71,32.01,normal,2.9728,0.2999
S059_S019,S059,S019,9.938,20.53,6.85,19.47,29.53,33.22,normal,2.9691,0.3247
S019_S060,S019,S060,14.218,35.53,10.92,33.96,49.91,55.66,heavy,3.5253,0.3003
S060_S019,S060,S019,14.218,35.05,11.0,33.45,49.54,55.37,heavy,3.51,0.3064
S019_S063,S019,S063,7.834,19.72,3.83,19.36,24.77,26.56,normal,2.963,0.1924
S063_S019,S063,S019,7.834,20.23,3.7,19.9,25.11,26.82,normal,2.9909,0.1814
S019_S064,S019,S064,2.267,6.59,2.24,6.24,9.53,10.75,heavy,1.8305,0.3308
S064_S019,S064,S019,2.267,7.11,2.39,6.74,10.25,11.54,heavy,1.9083,0.3265
S019_S065,S019,S065,7.759,11.18,1.7,11.06,13.42,14.17,normal,2.4031,0.1509
S065_S019,S065,S019,7.759,11.09,1.83,10.94,13.51,14.34,normal,2.3923,0.1644
S019_S068,S019,S068,5.281,7.86,2.15,7.58,10.7,11.8,light,2.0253,0.2693
S068_S019,S068,S019,5.281,8.09,2.08,7.83,10.83,11.87,light,2.0584,0.2528
S019_S069,S019,S069,6.374,12.8,4.34,12.13,18.51,20.86,heavy,2.4954,0.3298
S069_S019,S069,S019,6.374,12.31,4.54,11.55,18.25,20.77,heavy,2.4464,0.3569
S019_S070,S019,S070,4.753,12.68,3.21,12.29,16.92,18.53,normal,2.5089,0.2494
S070_S019,S070,S019,4.753,12.71,3.22,12.32,16.96,18.57,normal,2.5112,0.2493
S019_S073,S019,S073,10.585,20.01,4.19,19.59,25.54,27.53,normal,2.9749,0.207
S073_S019,S073,S019,10.585,19.03,4.2,18.58,24.57,26.6,normal,2.9221,0.2181
S019_S074,S019,S074,8.268,10.29,1.89,10.12,12.79,13.66,light,2.315,0.182
S074_S019,S074,S019,8.268,10.5,1.78,10.36,12.85,13.66,light,2.3375,0.1682
S019_S075,S019,S075,10.202,17.7,3.41,17.38,22.19,23.79,normal,2.8551,0.1909
S075_S019,S075,S019,10.202,17.48,3.14,17.21,21.62,23.06,normal,2.8453,0.1781
S020_S022,S020,S022,10.928,20.02,5.82,19.22,27.69,30.71,normal,2.9561,0.2847
S022_S020,S022,S020,10.928,20.9,5.99,20.09,28.8,31.89,normal,3.0003,0.2808
S020_S024,S020,S024,9.202,13.53,4.05,12.97,18.88,21.0,normal,2.5623,0.293
S024_S020,S024,S020,9.202,12.5,4.23,11.84,18.06,20.35,normal,2.4718,0.329
S020_S025,S020,S025,3.864,10.19,1.68,10.05,12.4,13.15,normal,2.3078,0.1635
S025_S020,S025,S020,3.864,10.67,1.7,10.53,12.9,13.66,normal,2.3547,0.1581
S020_S027,S020,S027,14.992,26.85,5.25,26.35,33.78,36.24,normal,3.2715,0.1937
S027_S020,S027,S020,14.992,26.45,5.2,25.96,33.32,35.76,normal,3.2565,0.1947
S020_S029,S020,S029,11.474,22.88,4.88,22.38,29.33,31.66,normal,3.1081,0.2109
S029_S020,S029,S020,11.474,23.52,4.91,23.02,30.0,32.34,normal,3.1363,0.2067
S020_S030,S020,S030,2.452,3.59,0.98,3.46,4.89,5.39,light,1.2423,0.2687
S030_S020,S030,S020,2.452,3.71,0.9,3.6,4.89,5.34,light,1.2815,0.239
S020_S032,S020,S032,11.286,16.7,2.86,16.46,20.46,21.77,normal,2.8007,0.17
S032_S020,S032,S020,11.286,16.16,2.62,15.96,19.62,20.8,normal,2.7699,0.1612
S020_S034,S020,S034,10.574,17.01,4.04,16.55,22.34,24.33,normal,2.8062,0.2343
S034_S020,S034,S020,10.574,17.88,3.66,17.52,22.72,24.45,normal,2.8633,0.2026
S020_S035,S020,S035,10.02,23.93,4.64,23.49,30.05,32.22,normal,3.1565,0.1922
S035_S020,S035,S020,10.02,23.51,4.92,23.01,30.0,32.34,normal,3.136,0.2069
S020_S037,S020,S037,13.758,33.86,11.58,32.04,49.07,55.37,heavy,3.4669,0.3326
S037_S020,S037,S020,13.758,32.76,12.48,30.62,49.08,56.09,heavy,3.4216,0.368
S020_S039,S020,S039,12.399,18.01,5.82,17.14,25.68,28.79,normal,2.8412,0.3154
S039_S020,S039,S020,12.399,17.64,6.35,16.6,25.97,29.47,normal,2.8095,0.3489
S020_S040,S020,S040,4.856,7.49,1.95,7.25,10.07,11.05,light,1.9804,0.2567
S040_S020,S040,S020,4.856,6.94,1.98,6.67,9.56,10.58,light,1.8979,0.2802
S020_S042,S020,S042,7.403,12.63,3.28,12.23,16.96,18.61,light,2.5038,0.2553
S042_S020,S042,S020,7.403,12.24,3.44,11.78,16.78,18.55,light,2.4666,0.2758
S020_S044,S020,S044,9.473,19.15,4.19,18.71,24.68,26.69,heavy,2.9288,0.2162
S044_S020,S044,S020,9.473,20.39,4.48,19.92,26.31,28.47,heavy,2.9915,0.2173
S020_S045,S020,S045,10.25,24.75,4.62,24.33,30.85,32.99,normal,3.1917,0.1852
S045_S020,S045,S020,10.25,26.08,4.34,25.72,31.79,33.76,normal,3.2473,0.1653
S020_S047,S020,S047,13.611,43.02,13.33,41.09,60.59,67.63,heavy,3.7158,0.3029
S047_S020,S047,S020,13.611,45.44,14.49,43.29,64.51,72.22,heavy,3.768,0.3111
S020_S049,S020,S049,9.054,11.02,2.67,10.71,14.55,15.87,light,2.3715,0.2388
S049_S020,S049,S020,9.054,10.65,2.44,10.39,13.88,15.06,light,2.3404,0.226
S020_S050,S020,S050,4.561,15.42,4.55,14.79,21.42,23.79,heavy,2.6938,0.289
S050_S020,S050,S020,4.561,16.53,4.42,15.97,22.37,24.61,heavy,2.7708,0.2628
S020_S052,S020,S052,17.971,30.44,5.99,29.86,38.34,41.16,normal,3.3966,0.195
S052_S020,S052,S020,17.971,31.02,6.47,30.37,39.57,42.65,normal,3.4133,0.2065
S020_S054,S020,S054,11.976,25.34,6.09,24.64,33.38,36.38,normal,3.2044,0.2368
S054_S020,S054,S020,11.976,25.99,6.32,25.25,34.34,37.46,normal,3.2289,0.2397
S020_S055,S020,S055,8.731,20.92,5.51,20.22,28.19,30.97,normal,3.0069,0.259
S055_S020,S055,S020,8.731,22.45,5.14,21.88,29.24,31.75,normal,3.0857,0.2262
S020_S057,S020,S057,11.323,24.04,7.38,22.98,33.76,37.65,normal,3.1345,0.3002
S057_S020,S057,S020,11.323,24.96,7.29,23.96,34.57,38.36,normal,3.1763,0.2861
S020_S059,S020,S059,11.377,17.59,3.11,17.32,21.69,23.12,normal,2.852,0.1755
S059_S020,S059,S020,11.377,17.12,3.1,16.84,21.21,22.63,normal,2.824,0.1796
S020_S060,S020,S060,6.604,17.31,5.28,16.56,24.26,27.04,heavy,2.8067,0.2982
S060_S020,S060,S020,6.604,17.45,4.94,16.79,23.96,26.5,heavy,2.8209,0.2774
S020_S062,S020,S062,14.115,33.5,10.66,31.92,47.54,53.21,heavy,3.4632,0.3107
S062_S020,S062,S020,14.115,35.59,10.02,34.26,48.82,53.96,heavy,3.5341,0.2761
S020_S064,S020,S064,6.165,8.57,2.36,8.27,11.69,12.9,light,2.1123,0.2703
S064_S020,S064,S020,6.165,9.11,2.53,8.78,12.45,13.74,light,2.1726,0.2721
S020_S065,S020,S065,1.979,4.63,1.45,4.42,6.54,7.3,heavy,1.4859,0.3053
S065_S020,S065,S020,1.979,4.83,1.36,4.65,6.63,7.33,heavy,1.5363,0.277
S020_S067,S020,S067,14.734,38.89,7.86,38.11,49.26,52.97,normal,3.6406,0.2001
S067_S020,S067,S020,14.734,38.71,8.29,37.85,49.66,53.63,normal,3.6337,0.2118
S020_S069,S020,S069,10.141,20.75,4.04,20.37,26.09,27.98,normal,3.0142,0.1929
S069_S020,S069,S020,10.141,21.53,3.87,21.19,26.63,28.42,normal,3.0535,0.1784
S020_S070,S020,S070,8.284,21.44,5.41,20.79,28.58,31.28,heavy,3.0346,0.2482
S070_S020,S070,S020,8.284,20.98,4.88,20.43,27.42,29.8,heavy,3.017,0.2294
S020_S072,S020,S072,14.652,32.83,11.25,31.06,47.61,53.74,normal,3.4358,0.3333
S072_S020,S072,S020,14.652,33.8,11.83,31.9,49.33,55.81,normal,3.4626,0.34
S020_S074,S020,S074,10.628,25.7,4.67,25.29,31.87,34.03,normal,3.2304,0.1804
S074_S020,S074,S020,10.628,27.55,4.82,27.14,33.91,36.12,normal,3.3009,0.1738
S020_S075,S020,S075,2.298,4.5,1.34,4.31,6.26,6.96,heavy,1.4618,0.2909
S075_S020,S075,S020,2.298,4.82,1.21,4.67,6.42,7.03,heavy,1.5412,0.2483
S021_S023,S021,S023,12.139,19.56,3.84,19.2,24.63,26.43,normal,2.9547,0.1945
S023_S021,S023,S021,12.139,19.15,3.49,18.84,23.76,25.37,normal,2.9362,0.1807
S021_S026,S021,S026,11.791,27.07,8.97,25.69,38.87,43.7,normal,3.2462,0.3229
S026_S021,S026,S021,11.791,26.58,9.72,24.97,39.32,44.72,normal,3.2175,0.3544
S021_S028,S021,S028,14.286,21.63,3.42,21.36,26.13,27.66,normal,3.0617,0.157
S028_S021,S028,S021,14.286,21.02,3.56,20.72,25.7,27.32,normal,3.0313,0.168
S021_S031,S021,S031,9.925,18.36,5.8,17.51,26.0,29.08,normal,2.8628,0.3084
S031_S021,S031,S021,9.925,18.6,5.88,17.73,26.34,29.47,normal,2.8752,0.3089
S021_S036,S021,S036,1.336,2.31,0.52,2.25,3.0,3.25,light,0.8115,0.2229
S036_S021,S036,S021,1.336,2.31,0.51,2.26,2.99,3.23,light,0.8155,0.217
S021_S038,S021,S038,17.897,26.75,6.77,25.93,35.69,39.08,normal,3.2554,0.2493
S038_S021,S038,S021,17.897,28.11,6.56,27.37,36.78,39.99,normal,3.3095,0.2305
S021_S041,S021,S041,11.62,24.86,8.14,23.63,35.57,39.94,heavy,3.1625,0.3191
S041_S021,S041,S021,11.62,24.87,7.55,23.8,34.83,38.79,heavy,3.1696,0.297
S021_S043,S021,S043,17.788,42.16,6.97,41.6,51.35,54.51,normal,3.7281,0.1643
S043_S021,S043,S021,17.788,40.69,6.49,40.18,49.22,52.14,normal,3.6933,0.1584
S021_S046,S021,S046,13.02,41.94,11.34,40.48,56.91,62.67,heavy,3.7009,0.2656
S046_S021,S046,S021,13.02,43.02,11.15,41.65,57.74,63.34,heavy,3.7292,0.2549
S021_S051,S021,S051,3.384,9.58,1.65,9.44,11.76,12.52,heavy,2.2452,0.1714
S051_S021,S051,S021,3.384,9.55,1.68,9.4,11.77,12.54,heavy,2.2412,0.175
S021_S052,S021,S052,13.847,32.1,7.45,31.27,41.94,45.58,heavy,3.4425,0.2291
S052_S021,S052,S021,13.847,29.75,7.56,28.83,39.74,43.51,heavy,3.3615,0.2502
S021_S053,S021,S053,13.092,42.04,11.6,40.53,57.36,63.28,heavy,3.702,0.2709
S053_S021,S053,S021,13.092,44.67,10.78,43.42,58.91,64.22,heavy,3.771,0.2379
S021_S056,S021,S056,11.614,27.51,9.2,26.09,39.61,44.58,normal,3.2616,0.3257
S056_S021,S056,S021,11.614,29.53,9.39,28.14,41.89,46.88,normal,3.3373,0.3102
S021_S058,S021,S058,12.873,23.21,3.57,22.94,27.91,29.5,normal,3.1331,0.1528
S058_S021,S058,S021,12.873,24.06,3.8,23.77,29.06,30.77,normal,3.1683,0.1569
S021_S061,S021,S061,1.25,2.47,0.48,2.43,3.1,3.33,heavy,0.8869,0.1915
S061_S021,S061,S021,1.25,2.62,0.45,2.58,3.21,3.41,heavy,0.948,0.1693
S021_S062,S021,S062,17.323,26.92,7.27,25.99,36.52,40.22,normal,3.2577,0.2654
S062_S021,S062,S021,17.323,28.3,6.81,27.52,37.3,40.66,normal,3.3148,0.2373
S021_S063,S021,S063,16.548,28.21,5.72,27.65,35.77,38.48,normal,3.3196,0.2009
S063_S021,S063,S021,16.548,29.05,6.21,28.41,37.25,40.22,normal,3.3467,0.2113
S021_S066,S021,S066,7.0,16.71,2.74,16.49,20.32,21.55,heavy,2.8028,0.1627
S066_S021,S066,S021,7.0,16.4,2.52,16.21,19.73,20.85,heavy,2.7859,0.1529
S021_S068,S021,S068,17.881,41.19,13.26,39.21,58.64,65.72,normal,3.6689,0.314
S068_S021,S068,S021,17.881,42.4,14.13,40.23,60.98,68.6,normal,3.6946,0.3244
S021_S071,S021,S071,8.199,12.26,2.27,12.05,15.26,16.31,light,2.4893,0.1839
S071_S021,S071,S021,8.199,13.0,2.29,12.8,16.02,17.07,light,2.5497,0.1747
S021_S072,S021,S072,15.386,24.92,4.2,24.57,30.46,32.37,normal,3.2016,0.1675
S072_S021,S072,S021,15.386,23.44,4.29,23.06,29.1,31.08,normal,3.1381,0.1814
S021_S073,S021,S073,12.707,19.78,6.51,18.78,28.34,31.85,normal,2.933,0.3209
S073_S021,S073,S021,12.707,20.25,6.54,19.27,28.86,32.36,normal,2.9585,0.3151
S022_S023,S022,S023,15.609,31.85,5.05,31.45,38.5,40.77,normal,3.4485,0.1577
S023_S022,S023,S022,15.609,31.48,5.5,31.02,38.73,41.25,normal,3.4345,0.1733
S022_S025,S022,S025,12.969,24.59,7.47,23.53,34.44,38.36,normal,3.1583,0.2971
S025_S022,S025,S022,12.969,24.94,7.83,23.8,35.26,39.41,normal,3.1696,0.3066
S022_S026,S022,S026,13.433,29.23,8.46,28.07,40.38,44.75,heavy,3.3348,0.2835
S026_S022,S026,S022,13.433,28.88,8.04,27.82,39.49,43.61,heavy,3.3257,0.2733
S022_S027,S022,S027,4.356,5.95,1.98,5.65,8.55,9.62,light,1.7317,0.3234
S027_S022,S027,S022,4.356,5.75,2.13,5.39,8.53,9.72,light,1.6846,0.3581
S022_S028,S022,S028,12.946,25.74,4.83,25.3,32.12,34.37,normal,3.2308,0.1862
S028_S022,S028,S022,12.946,26.75,4.36,26.4,32.49,34.45,normal,3.2733,0.1619
S022_S030,S022,S030,9.528,23.78,6.04,23.05,31.76,34.78,heavy,3.1377,0.25
S030_S022,S030,S022,9.528,24.37,6.27,23.6,32.65,35.79,heavy,3.1614,0.253
S022_S032,S022,S032,0.442,0.94,0.21,0.91,1.21,1.31,normal,-0.0906,0.2198
S032_S022,S032,S022,0.442,0.92,0.21,0.9,1.2,1.31,normal,-0.1039,0.226
S022_S033,S022,S033,17.408,38.36,9.87,37.16,51.4,56.34,normal,3.6151,0.2531
S033_S022,S033,S022,17.408,37.54,9.43,36.41,49.98,54.68,normal,3.5948,0.2472
S022_S035,S022,S035,1.01,2.3,0.69,2.2,3.21,3.57,heavy,0.7882,0.2945
S035_S022,S035,S022,1.01,2.32,0.7,2.22,3.24,3.6,heavy,0.7962,0.2954
S022_S037,S022,S037,4.592,14.54,3.81,14.07,19.57,21.49,heavy,2.6441,0.2575
S037_S022,S037,S022,4.592,13.97,3.66,13.52,18.81,20.65,heavy,2.6039,0.2577
S022_S038,S022,S038,17.168,35.66,10.38,34.24,49.35,54.74,normal,3.5334,0.2852
S038_S022,S038,S022,17.168,33.59,11.14,31.89,48.24,54.24,normal,3.4622,0.3229
S022_S040,S022,S040,6.434,15.83,3.1,15.54,19.93,21.38,normal,2.7433,0.1941
S040_S022,S040,S022,6.434,14.82,3.11,14.51,18.92,20.4,normal,2.6745,0.2074
S022_S041,S022,S041,12.3,19.56,6.07,18.69,27.56,30.77,normal,2.9278,0.3031
S041_S022,S041,S022,12.3,20.18,6.32,19.26,28.5,31.85,normal,2.958,0.3058
S022_S042,S022,S042,4.173,8.44,2.89,7.98,12.24,13.82,light,2.0774,0.3334
S042_S022,S042,S022,4.173,8.85,3.08,8.36,12.9,14.58,light,2.1233,0.3382
S022_S043,S022,S043,13.189,33.99,9.18,32.81,46.1,50.76,heavy,3.4907,0.2653
S043_S022,S043,S022,13.189,31.61,8.67,30.49,43.06,47.48,heavy,3.4174,0.2692
S022_S045,S022,S045,1.659,5.69,0.9,5.62,6.88,7.28,heavy,1.7272,0.1566
S045_S022,S045,S022,1.659,6.09,0.88,6.02,7.24,7.63,heavy,1.7957,0.1437
S022_S046,S022,S046,12.461,21.29,4.41,20.84,27.11,29.21,normal,3.0371,0.2051
S046_S022,S046,S022,12.461,19.78,4.65,19.25,25.93,28.21,normal,2.9577,0.2321
S022_S047,S022,S047,2.959,5.92,1.47,5.74,7.86,8.59,light,1.7476,0.2451
S047_S022,S047,S022,2.959,5.63,1.52,5.44,7.64,8.41,light,1.6937,0.2648
S022_S048,S022,S048,13.081,27.83,5.77,27.25,35.44,38.18,heavy,3.305,0.205
S048_S022,S048,S022,13.081,29.09,5.78,28.53,36.72,39.44,heavy,3.3511,0.1967
S022_S050,S022,S050,13.438,22.42,6.12,21.62,30.49,33.61,normal,3.0738,0.2681
S050_S022,S050,S022,13.438,20.75,5.8,19.99,28.41,31.38,normal,2.995,0.2743
S022_S052,S022,S052,9.279,25.3,4.59,24.89,31.35,33.47,normal,3.2146,0.18
S052_S022,S052,S022,9.279,26.43,4.46,26.07,32.3,34.33,normal,3.2606,0.1674
S022_S053,S022,S053,12.338,24.76,6.62,23.92,33.49,36.84,normal,3.1746,0.2626
S053_S022,S053,S022,12.338,22.84,6.88,21.86,31.91,35.51,normal,3.0848,0.2949
S022_S055,S022,S055,2.348,3.49,0.91,3.38,4.69,5.14,normal,1.2167,0.2557
S055_S022,S055,S022,2.348,3.4,0.96,3.27,4.68,5.17,normal,1.1861,0.2778
S022_S056,S022,S056,15.906,35.98,12.33,34.04,52.17,58.88,normal,3.5274,0.3332
S056_S022,S056,S022,15.906,38.45,12.51,36.57,54.91,61.61,normal,3.5991,0.3172
S022_S057,S022,S057,2.638,4.94,1.14,4.81,6.45,7.01,light,1.5717,0.2284
S057_S022,S057,S022,2.638,4.99,1.14,4.86,6.5,7.06,light,1.5815,0.2265
S022_S058,S022,S058,13.722,28.59,4.96,28.17,35.12,37.39,normal,3.3382,0.1721
S058_S022,S058,S022,13.722,30.68,5.33,30.22,37.7,40.14,normal,3.4086,0.1725
S022_S060,S022,S060,11.36,17.81,4.72,17.22,24.05,26.43,normal,2.846,0.2605
S060_S022,S060,S022,11.36,17.65,4.6,17.08,23.73,26.05,normal,2.8379,0.2566
S022_S062,S022,S062,5.622,10.65,2.12,10.45,13.44,14.44,normal,2.3463,0.1967
S062_S022,S062,S022,5.622,11.44,2.1,11.25,14.21,15.18,normal,2.4203,0.182
S022_S063,S022,S063,15.541,40.33,10.78,38.96,54.57,60.03,heavy,3.6626,0.2628
S063_S022,S063,S022,15.541,40.21,10.26,38.97,53.76,58.9,heavy,3.6627,0.2511
S022_S065,S022,S065,12.72,34.75,10.69,33.21,48.83,54.47,heavy,3.5028,0.3008
S065_S022,S065,S022,12.72,35.73,10.11,34.38,49.08,54.28,heavy,3.5374,0.2777
S022_S067,S022,S067,4.451,8.02,2.73,7.59,11.61,13.1,light,2.0266,0.3317
S067_S022,S067,S022,4.451,8.27,2.61,7.89,11.71,13.09,light,2.066,0.3074
S022_S068,S022,S068,11.226,24.28,5.58,23.66,31.64,34.36,normal,3.1638,0.2268
S068_S022,S068,S022,11.226,25.52,5.11,25.03,32.26,34.67,normal,3.22,0.1981
S022_S070,S022,S070,7.472,11.04,2.71,10.72,14.61,15.95,normal,2.3719,0.2417
S070_S022,S070,S022,7.472,10.54,2.75,10.2,14.17,15.55,normal,2.3221,0.2564
S022_S071,S022,S071,14.743,46.55,13.93,44.59,64.9,72.18,heavy,3.7975,0.2928
S071_S022,S071,S022,14.743,46.54,13.09,44.8,63.82,70.54,heavy,3.8022,0.276
S022_S072,S022,S072,8.036,13.13,4.26,12.49,18.74,21.03,normal,2.5251,0.3165
S072_S022,S072,S022,8.036,12.57,4.55,11.82,18.53,21.04,normal,2.4694,0.3509
S022_S073,S022,S073,14.754,30.86,6.83,30.13,39.87,43.17,heavy,3.4055,0.2186
S073_S022,S073,S022,14.754,28.98,6.25,28.33,37.23,40.23,heavy,3.3439,0.2132
S022_S075,S022,S075,10.923,21.52,5.35,20.88,28.58,31.24,heavy,3.039,0.2448
S075_S022,S075,S022,10.923,22.43,5.39,21.81,29.56,32.21,heavy,3.0823,0.2371
S023_S024,S023,S024,16.631,43.68,10.77,42.41,57.9,63.23,normal,3.7474,0.2428
S024_S023,S024,S023,16.631,42.39,11.62,40.88,57.73,63.65,normal,3.7106,0.2692
S023_S026,S023,S026,2.756,4.17,1.11,4.03,5.63,6.19,normal,1.3948,0.2604
S026_S023,S026,S023,2.756,4.17,1.21,4.0,5.77,6.4,normal,1.3866,0.2851
S023_S027,S023,S027,14.579,29.29,6.03,28.69,37.26,40.12,heavy,3.3564,0.2039
S027_S023,S027,S023,14.579,30.46,5.59,29.96,37.83,40.41,heavy,3.3999,0.1819
S023_S028,S023,S028,2.921,4.58,1.08,4.46,6.0,6.53,light,1.4953,0.2315
S028_S023,S028,S023,2.921,4.58,1.05,4.47,5.97,6.49,light,1.4969,0.2266
S023_S029,S023,S029,12.417,28.15,5.21,27.68,35.02,37.43,heavy,3.3208,0.1834
S029_S023,S029,S023,12.417,29.04,5.17,28.6,35.86,38.23,heavy,3.3533,0.1765
S023_S031,S023,S031,3.079,5.16,0.79,5.1,6.2,6.55,normal,1.63,0.1515
S031_S023,S031,S023,3.079,5.06,0.72,5.01,6.01,6.33,normal,1.6119,0.1422
S023_S032,S023,S032,15.372,42.6,13.73,40.54,60.66,68.0,heavy,3.7023,0.3144
S032_S023,S032,S023,15.372,42.93,13.01,41.08,60.07,66.9,heavy,3.7156,0.2964
S023_S033,S023,S033,6.891,13.16,3.59,12.69,17.89,19.71,normal,2.541,0.2677
S033_S023,S033,S023,6.891,12.49,3.53,12.02,17.15,18.97,normal,2.4865,0.2774
S023_S036,S023,S036,13.438,26.54,7.97,25.42,37.05,41.22,normal,3.2354,0.294
S036_S023,S036,S023,13.438,28.04,7.62,27.06,38.11,41.99,normal,3.2981,0.267
S023_S037,S023,S037,11.986,28.09,4.95,27.67,34.62,36.89,normal,3.3203,0.1749
S037_S023,S037,S023,11.986,28.93,5.26,28.46,35.87,38.3,normal,3.3486,0.1804
S023_S038,S023,S038,6.141,13.66,4.25,13.04,19.25,21.5,heavy,2.5683,0.3037
S038_S023,S038,S023,6.141,14.44,3.99,13.92,19.7,21.74,heavy,2.6331,0.2711
S023_S041,S023,S041,4.662,9.94,2.96,9.52,13.84,15.38,heavy,2.2539,0.2914
S041_S023,S041,S023,4.662,10.42,2.77,10.07,14.08,15.48,heavy,2.31,0.261
S023_S042,S023,S042,14.052,26.35,9.2,24.88,38.43,43.47,normal,3.2142,0.3391
S042_S023,S042,S023,14.052,26.43,9.61,24.84,39.02,44.34,normal,3.2123,0.3523
S023_S043,S023,S043,5.766,7.8,1.64,7.63,9.96,10.74,light,2.0324,0.2077
S043_S023,S043,S023,5.766,7.67,1.7,7.49,9.92,10.74,light,2.0136,0.219
S023_S044,S023,S044,13.697,35.42,11.08,33.81,50.02,55.88,normal,3.5207,0.3055
S044_S023,S044,S023,13.697,37.34,10.18,36.03,50.79,55.97,normal,3.5843,0.2678
S023_S046,S023,S046,3.242,5.27,1.06,5.17,6.68,7.18,normal,1.6425,0.1999
S046_S023,S046,S023,3.242,5.32,1.16,5.2,6.85,7.41,normal,1.6491,0.2148
S023_S047,S023,S047,14.623,43.62,6.72,43.11,52.46,55.46,heavy,3.7638,0.1531
S047_S023,S047,S023,14.623,42.58,6.96,42.02,51.74,54.88,heavy,3.7382,0.1623
S023_S048,S023,S048,6.364,11.19,2.97,10.82,15.12,16.62,normal,2.3813,0.2609
S048_S023,S048,S023,6.364,12.05,2.84,11.73,15.81,17.2,normal,2.4622,0.2327
S023_S049,S023,S049,13.68,28.8,7.26,27.92,38.39,42.01,normal,3.3295,0.2482
S049_S023,S049,S023,13.68,28.55,6.65,27.81,37.33,40.58,normal,3.3254,0.2297
S023_S051,S023,S051,12.403,29.31,7.12,28.49,38.71,42.23,heavy,3.3494,0.2393
S051_S023,S051,S023,12.403,31.04,7.32,30.21,40.71,44.29,heavy,3.4083,0.2325
S023_S052,S023,S052,10.179,15.05,3.53,14.66,19.71,21.44,normal,2.6849,0.2312
S052_S023,S052,S023,10.179,15.23,3.77,14.78,20.21,22.09,normal,2.6932,0.2442
S023_S053,S023,S053,3.363,8.61,1.57,8.47,10.69,11.41,normal,2.137,0.1809
S053_S023,S053,S023,3.363,8.36,1.62,8.2,10.49,11.25,normal,2.1046,0.192
S023_S054,S023,S054,11.104,18.4,4.99,17.76,24.99,27.52,normal,2.8769,0.2663
S054_S023,S054,S023,11.104,17.73,4.93,17.08,24.24,26.76,normal,2.8378,0.2731
S023_S056,S023,S056,0.537,1.11,0.25,1.08,1.43,1.55,heavy,0.0785,0.2199
S056_S023,S056,S023,0.537,1.09,0.23,1.07,1.4,1.51,heavy,0.067,0.2092
S023_S057,S023,S057,12.984,34.68,10.25,33.26,48.2,53.54,normal,3.5043,0.2894
S057_S023,S057,S023,12.984,33.3,10.75,31.69,47.45,53.19,normal,3.4561,0.3148
S023_S058,S023,S058,1.888,4.13,0.79,4.06,5.18,5.55,heavy,1.4013,0.1904
S058_S023,S058,S023,1.888,3.87,0.73,3.81,4.83,5.17,heavy,1.3366,0.1856
S023_S061,S023,S061,12.517,25.62,6.65,24.8,34.41,37.75,heavy,3.2107,0.2555
S061_S023,S061,S023,12.517,26.73,6.68,25.93,35.56,38.89,heavy,3.2555,0.2463
S023_S062,S023,S062,10.865,15.55,2.66,15.33,19.05,20.26,normal,2.7297,0.1696
S062_S023,S062,S023,10.865,14.69,2.74,14.44,18.31,19.58,normal,2.6703,0.1848
S023_S063,S023,S063,4.478,6.77,1.43,6.62,8.66,9.34,normal,1.89,0.2096
S063_S023,S063,S023,4.478,7.02,1.42,6.88,8.89,9.56,normal,1.9293,0.1998
S023_S064,S023,S064,13.59,44.88,11.46,43.48,60.01,65.74,heavy,3.7723,0.2513
S064_S023,S064,S023,13.59,41.49,11.83,39.9,57.11,63.21,heavy,3.6864,0.2797
S023_S066,S023,S066,5.481,11.32,2.44,11.07,14.54,15.71,heavy,2.4043,0.2126
S066_S023,S066,S023,5.481,11.26,2.62,10.97,14.72,16.0,heavy,2.3954,0.2292
S023_S067,S023,S067,13.663,27.19,7.06,26.32,36.52,40.07,heavy,3.2703,0.2555
S067_S023,S067,S023,13.663,29.24,7.34,28.35,38.93,42.59,heavy,3.3448,0.2473
S023_S068,S023,S068,6.38,20.23,5.45,19.54,27.43,30.2,heavy,2.9723,0.2648
S068_S023,S068,S023,6.38,20.31,5.61,19.58,27.71,30.58,heavy,2.9744,0.271
S023_S069,S023,S069,15.837,33.7,7.4,32.92,43.47,47.04,normal,3.4941,0.2169
S069_S023,S069,S023,15.837,32.23,6.79,31.54,41.2,44.43,normal,3.4513,0.2083
S023_S071,S023,S071,7.528,16.04,3.73,15.62,20.97,22.79,normal,2.7488,0.2294
S071_S023,S071,S023,7.528,15.54,3.36,15.19,19.97,21.58,normal,2.7204,0.2135
S023_S072,S023,S072,8.01,12.55,4.01,11.95,17.82,19.96,normal,2.4807,0.3119
S072_S023,S072,S023,8.01,12.12,4.04,11.5,17.43,19.61,normal,2.442,0.3245
S023_S073,S023,S073,0.896,2.03,0.5,1.97,2.7,2.95,heavy,0.6782,0.2447
S073_S023,S073,S023,0.896,1.97,0.53,1.9,2.67,2.94,heavy,0.6403,0.2655
S023_S074,S023,S074,17.943,38.29,10.31,36.97,51.91,57.14,heavy,3.6101,0.2647
S074_S023,S074,S023,17.943,38.58,9.67,37.42,51.36,56.17,heavy,3.6223,0.2469
S024_S025,S024,S025,5.39,8.16,1.94,7.94,10.72,11.67,normal,2.0716,0.2342
S025_S024,S025,S024,5.39,7.72,2.03,7.47,10.4,11.42,normal,2.0103,0.2585
S024_S028,S024,S028,14.664,29.53,6.66,28.81,38.33,41.57,normal,3.3606,0.2229
S028_S024,S028,S024,14.664,27.54,6.83,26.73,36.57,39.96,normal,3.2859,0.2443
S024_S029,S024,S029,4.626,8.58,2.66,8.2,12.09,13.5,normal,2.1041,0.3029
S029_S024,S029,S024,4.626,8.29,2.79,7.86,11.96,13.47,normal,2.0612,0.3277
S024_S030,S024,S030,8.723,11.65,2.71,11.35,15.23,16.56,light,2.4293,0.2295
S030_S024,S030,S024,8.723,11.06,2.6,10.77,14.49,15.76,light,2.3767,0.2316
S024_S033,S024,S033,10.981,18.97,5.19,18.29,25.81,28.46,normal,2.9066,0.2686
S033_S024,S033,S024,10.981,19.57,5.18,18.92,26.42,29.03,normal,2.9404,0.2602
S024_S034,S024,S034,6.118,10.98,1.98,10.81,13.59,14.51,light,2.3802,0.179
S034_S024,S034,S024,6.118,10.43,1.82,10.27,12.83,13.67,light,2.3296,0.1735
S024_S035,S024,S035,16.52,36.2,10.61,34.74,50.19,55.7,normal,3.5478,0.287
S035_S024,S035,S024,16.52,33.35,9.74,32.01,46.19,51.24,normal,3.4661,0.286
S024_S038,S024,S038,11.59,31.19,6.03,30.62,39.16,41.98,normal,3.4218,0.1917
S038_S024,S038,S024,11.59,30.25,6.4,29.6,38.7,41.75,normal,3.3877,0.2091
S024_S039,S024,S039,3.565,4.33,1.05,4.21,5.72,6.24,light,1.4376,0.2393
S039_S024,S039,S024,3.565,4.22,1.12,4.07,5.7,6.27,light,1.4043,0.2621
S024_S040,S024,S040,11.401,16.67,2.69,16.46,20.21,21.42,normal,2.8009,0.1602
S040_S024,S040,S024,11.401,15.53,2.67,15.3,19.05,20.27,normal,2.7281,0.1708
S024_S043,S024,S043,11.016,25.58,8.14,24.37,36.3,40.63,normal,3.1934,0.3107
S043_S024,S043,S024,11.016,26.92,7.53,25.92,36.85,40.71,normal,3.2552,0.2743
S024_S044,S024,S044,2.934,6.36,1.27,6.24,8.04,8.63,heavy,1.8304,0.1978
S044_S024,S044,S024,2.934,6.1,1.4,5.95,7.95,8.63,heavy,1.7832,0.2259
S024_S045,S024,S045,17.568,54.77,16.27,52.5,76.22,84.7,heavy,3.9608,0.2908
S045_S024,S045,S024,17.568,54.95,17.84,52.26,78.42,87.97,heavy,3.9563,0.3165
S024_S048,S024,S048,10.437,19.91,5.7,19.14,27.43,30.37,normal,2.9517,0.2807
S048_S024,S048,S024,10.437,21.3,5.31,20.66,28.31,30.95,normal,3.0284,0.2456
S024_S049,S024,S049,2.995,4.18,1.25,4.0,5.82,6.48,light,1.3869,0.2926
S049_S024,S049,S024,2.995,4.01,1.28,3.82,5.7,6.39,light,1.3407,0.3121
S024_S050,S024,S050,12.407,28.66,9.39,27.24,41.01,46.05,normal,3.3046,0.3192
S050_S024,S050,S024,12.407,27.37,8.66,26.09,38.77,43.37,normal,3.2616,0.3089
S024_S053,S024,S053,16.249,37.98,8.16,37.13,48.76,52.67,heavy,3.6144,0.2125
S053_S024,S053,S024,16.249,39.76,8.3,38.92,50.72,54.67,heavy,3.6616,0.2065
S024_S054,S024,S054,5.883,10.03,1.99,9.84,12.66,13.6,light,2.2862,0.1967
S054_S024,S054,S024,5.883,10.16,2.07,9.96,12.89,13.87,light,2.2981,0.2015
S024_S055,S024,S055,15.961,36.14,6.54,35.57,44.77,47.78,heavy,3.5714,0.1795
S055_S024,S055,S024,15.961,34.69,6.54,34.09,43.32,46.36,heavy,3.529,0.1869
S024_S058,S024,S058,16.014,26.9,5.86,26.29,34.64,37.45,normal,3.269,0.2152
S058_S024,S058,S024,16.014,25.01,5.69,24.38,32.52,35.28,normal,3.1939,0.2245
S024_S059,S024,S059,3.412,6.94,1.79,6.72,9.3,10.19,light,1.9052,0.2532
S059_S024,S059,S024,3.412,6.52,1.69,6.32,8.76,9.6,light,1.843,0.2548
S024_S060,S024,S060,15.632,22.53,6.93,21.53,31.66,35.32,normal,3.0695,0.3008
S060_S024,S060,S024,15.632,23.63,6.85,22.7,32.66,36.21,normal,3.1222,0.284
S024_S063,S024,S063,12.362,28.68,8.26,27.56,39.57,43.84,normal,3.3165,0.2821
S063_S024,S063,S024,12.362,29.71,7.85,28.73,40.07,44.03,normal,3.3579,0.2596
S024_S064,S024,S064,5.252,13.83,4.03,13.28,19.14,21.23,normal,2.5859,0.2854
S064_S024,S064,S024,5.252,13.92,4.02,13.38,19.22,21.3,normal,2.5934,0.283
S024_S065,S024,S065,7.594,13.67,3.54,13.23,18.34,20.11,normal,2.5827,0.2545
S065_S024,S065,S024,7.594,14.18,3.38,13.79,18.64,20.3,normal,2.624,0.235
S024_S068,S024,S068,11.431,17.76,5.91,16.85,25.53,28.72,normal,2.8242,0.3242
S068_S024,S068,S024,11.431,16.79,5.95,15.83,24.59,27.86,normal,2.7617,0.3438
S024_S069,S024,S069,1.257,2.43,0.76,2.32,3.44,3.84,normal,0.8424,0.3065
S069_S024,S069,S024,1.257,2.42,0.81,2.29,3.48,3.91,normal,0.8292,0.3249
S024_S070,S024,S070,11.0,27.74,8.23,26.59,38.59,42.89,heavy,3.2807,0.2905
S070_S024,S070,S024,11.0,28.27,8.01,27.2,38.84,42.96,heavy,3.3033,0.2778
S024_S073,S024,S073,16.056,37.8,8.1,36.97,48.49,52.37,heavy,3.61,0.2117
S073_S024,S073,S024,16.056,38.76,8.16,37.93,49.53,53.42,heavy,3.6357,0.2082
S024_S074,S024,S074,1.806,4.92,1.25,4.76,6.57,7.2,heavy,1.561,0.2508
S074_S024,S074,S024,1.806,5.12,1.17,5.0,6.66,7.23,heavy,1.6089,0.2246
S024_S075,S024,S075,11.33,24.57,5.7,23.94,32.1,34.88,normal,3.1755,0.2289
S075_S024,S075,S024,11.33,23.04,5.73,22.36,30.61,33.45,normal,3.1074,0.2448
S025_S027,S025,S027,16.516,57.33,18.18,54.65,81.27,90.93,heavy,4.001,0.3095
S027_S025,S027,S025,16.516,54.38,16.47,52.05,76.1,84.74,heavy,3.9522,0.2963
S025_S029,S025,S029,7.816,16.51,3.11,16.23,20.61,22.06,light,2.7866,0.1867
S029_S025,S029,S025,7.816,16.7,3.32,16.38,21.08,22.64,light,2.796,0.1968
S025_S030,S025,S030,3.551,6.06,1.55,5.87,8.1,8.88,normal,1.7701,0.2512
S030_S025,S030,S025,3.551,5.62,1.46,5.44,7.55,8.28,normal,1.6942,0.2554
S025_S032,S025,S032,13.244,29.51,4.5,29.17,35.43,37.44,heavy,3.3731,0.1517
S032_S025,S032,S025,13.244,30.24,4.89,29.85,36.68,38.88,heavy,3.3963,0.1606
S025_S034,S025,S034,8.149,10.76,2.62,10.45,14.22,15.51,light,2.3466,0.2401
S034_S025,S034,S025,8.149,10.52,2.75,10.17,14.15,15.53,light,2.3199,0.257
S025_S035,S025,S035,11.973,18.05,5.67,17.21,25.52,28.52,normal,2.8457,0.307
S035_S025,S035,S025,11.973,16.77,5.81,15.85,24.4,27.56,normal,2.763,0.3365
S025_S037,S025,S037,14.716,27.1,8.05,25.98,37.71,41.9,normal,3.2573,0.2906
S037_S025,S037,S025,14.716,25.27,7.59,24.2,35.27,39.24,normal,3.1865,0.2938
S025_S039,S025,S039,8.742,16.19,2.76,15.96,19.83,21.08,normal,2.7703,0.169
S039_S025,S039,S025,8.742,16.28,2.59,16.07,19.68,20.84,normal,2.7772,0.1579
S025_S040,S025,S040,6.556,12.09,2.42,11.86,15.28,16.42,normal,2.4731,0.1978
S040_S025,S040,S025,6.556,12.21,2.44,11.97,15.43,16.58,normal,2.4824,0.1982
S025_S042,S025,S042,8.891,14.45,4.38,13.83,20.22,22.52,normal,2.6265,0.2966
S042_S025,S042,S025,8.891,14.85,4.56,14.2,20.86,23.26,normal,2.653,0.3001
S025_S044,S025,S044,5.722,11.24,1.92,11.08,13.77,14.65,normal,2.4052,0.1696
S044_S025,S044,S025,5.722,11.33,1.92,11.17,13.86,14.74,normal,2.4134,0.1684
S025_S045,S025,S045,12.719,21.71,5.57,21.03,29.07,31.87,normal,3.0459,0.2527
S045_S025,S045,S025,12.719,21.51,5.41,20.86,28.66,31.35,normal,3.038,0.2476
S025_S047,S025,S047,15.242,32.31,11.25,30.51,47.09,53.24,normal,3.4182,0.3384
S047_S025,S047,S025,15.242,34.09,11.06,32.43,48.64,54.56,normal,3.4791,0.3162
S025_S049,S025,S049,5.326,9.22,2.91,8.79,13.05,14.59,normal,2.1739,0.3078
S049_S025,S049,S025,5.326,9.38,2.94,8.95,13.25,14.81,normal,2.1915,0.3064
S025_S050,S025,S050,7.717,17.62,5.34,16.86,24.66,27.46,normal,2.8251,0.2965
S050_S025,S050,S025,7.717,17.23,5.29,16.47,24.2,26.98,normal,2.8013,0.3002
S025_S054,S025,S054,8.495,10.52,1.58,10.4,12.59,13.29,light,2.3418,0.1492
S054_S025,S054,S025,8.495,11.33,1.61,11.22,13.44,14.15,light,2.4174,0.1412
S025_S055,S025,S055,11.107,20.6,7.18,19.45,30.02,33.95,normal,2.9678,0.3387
S055_S025,S055,S025,11.107,18.97,7.88,17.52,29.21,33.77,normal,2.8634,0.3988
S025_S057,S025,S057,12.593,28.73,6.12,28.1,36.81,39.74,normal,3.3359,0.2106
S057_S025,S057,S025,12.593,30.21,6.63,29.51,38.97,42.17,normal,3.3848,0.2169
S025_S059,S025,S059,7.927,14.76,3.9,14.27,19.91,21.88,normal,2.6582,0.2597
S059_S025,S059,S025,7.927,13.8,3.87,13.29,18.91,20.89,normal,2.587,0.275
S025_S060,S025,S060,10.431,24.91,5.06,24.42,31.59,33.98,normal,3.1952,0.201
S060_S025,S060,S025,10.431,23.92,4.81,23.45,30.27,32.54,normal,3.1547,0.1992
S025_S062,S025,S062,14.773,31.65,8.36,30.6,42.69,46.91,normal,3.421,0.2597
S062_S025,S062,S025,14.773,33.77,8.75,32.68,45.32,49.71,normal,3.4869,0.2549
S025_S064,S025,S064,3.17,5.22,1.61,4.98,7.34,8.18,normal,1.6061,0.3016
S064_S025,S064,S025,3.17,5.21,1.74,4.94,7.49,8.43,normal,1.5969,0.3251
S025_S065,S025,S065,2.643,3.74,1.17,3.57,5.28,5.91,light,1.2716,0.3066
S065_S025,S065,S025,2.643,3.8,1.13,3.64,5.28,5.87,light,1.2915,0.2906
S025_S067,S025,S067,16.062,35.53,9.43,34.34,47.98,52.74,heavy,3.5364,0.2608
S067_S025,S067,S025,16.062,37.12,10.22,35.79,50.61,55.83,heavy,3.5777,0.2703
S025_S069,S025,S069,6.282,17.74,5.78,16.86,25.34,28.44,heavy,2.8251,0.3178
S069_S025,S069,S025,6.282,17.5,6.21,16.49,25.64,29.05,heavy,2.8029,0.3442
S025_S070,S025,S070,7.888,10.21,1.99,10.02,12.84,13.78,light,2.3048,0.1935
S070_S025,S070,S025,7.888,10.43,2.05,10.23,13.13,14.09,light,2.3258,0.1945
S025_S072,S025,S072,14.553,37.83,9.64,36.66,50.56,55.39,normal,3.6016,0.2509
S072_S025,S072,S025,14.553,38.07,8.97,37.06,49.91,54.31,normal,3.6125,0.2323
S025_S074,S025,S074,6.933,11.03,2.14,10.83,13.86,14.86,light,2.3824,0.1924
S074_S025,S074,S025,6.933,11.34,2.36,11.1,14.45,15.57,light,2.4072,0.2055
S025_S075,S025,S075,6.095,7.5,2.26,7.19,10.48,11.66,light,1.9723,0.2941
S075_S025,S075,S025,6.095,7.17,2.16,6.87,10.02,11.15,light,1.9266,0.2948
S026_S027,S026,S027,11.998,32.52,5.74,32.02,40.08,42.71,heavy,3.4664,0.1751
S027_S026,S027,S026,11.998,32.39,6.02,31.85,40.33,43.12,heavy,3.4609,0.1842
S026_S028,S026,S028,2.695,6.62,1.34,6.49,8.39,9.03,heavy,1.8703,0.2005
S028_S026,S028,S026,2.695,6.62,1.41,6.48,8.49,9.17,heavy,1.8684,0.2112
S026_S031,S026,S031,4.923,12.0,2.12,11.82,14.8,15.78,normal,2.4698,0.1756
S031_S026,S031,S026,4.923,11.98,2.19,11.78,14.87,15.88,normal,2.4668,0.1812
S026_S032,S026,S032,13.155,30.45,8.32,29.37,41.43,45.67,normal,3.3801,0.2683
S032_S026,S032,S026,13.155,30.57,7.89,29.6,40.99,44.95,normal,3.3877,0.254
S026_S033,S026,S033,8.852,16.52,3.9,16.08,21.67,23.58,light,2.7776,0.2328
S033_S026,S033,S026,8.852,15.5,3.83,15.04,20.56,22.46,light,2.711,0.2436
S026_S036,S026,S036,12.993,26.6,5.0,26.14,33.2,35.53,normal,3.2636,0.1865
S036_S026,S036,S026,12.993,27.0,4.53,26.63,32.97,35.02,normal,3.282,0.1665
S026_S037,S026,S037,9.506,27.4,9.52,25.89,39.91,45.12,heavy,3.2537,0.3377
S037_S026,S037,S026,9.506,27.94,9.41,26.48,40.32,45.41,heavy,3.2765,0.3278
S026_S038,S026,S038,8.151,12.08,2.38,11.85,15.22,16.33,normal,2.4726,0.1948
S038_S026,S038,S026,8.151,11.42,2.48,11.15,14.7,15.89,normal,2.4118,0.2152
S026_S041,S026,S041,1.921,4.86,1.45,4.66,6.77,7.52,normal,1.5384,0.2916
S041_S026,S041,S026,1.921,5.21,1.57,4.99,7.28,8.1,normal,1.6067,0.2951
S026_S042,S026,S042,12.447,25.61,8.04,24.43,36.2,40.46,heavy,3.1958,0.3067
S042_S026,S042,S026,12.447,24.96,8.53,23.62,36.17,40.81,heavy,3.1622,0.3323
S026_S043,S026,S043,6.38,13.62,3.33,13.23,18.02,19.66,normal,2.5827,0.2407
S043_S026,S043,S026,6.38,12.99,3.35,12.57,17.41,19.1,normal,2.5317,0.254
S026_S046,S026,S046,1.254,2.89,0.73,2.8,3.86,4.22,normal,1.0282,0.2507
S046_S026,S046,S026,1.254,2.91,0.75,2.82,3.9,4.28,normal,1.035,0.2547
S026_S047,S026,S047,12.158,17.43,5.04,16.75,24.08,26.68,normal,2.8182,0.2832
S047_S026,S047,S026,12.158,16.09,5.12,15.33,22.83,25.56,normal,2.7299,0.3107
S026_S048,S026,S048,6.933,11.79,1.87,11.65,14.26,15.1,normal,2.4552,0.1577
S048_S026,S048,S026,6.933,10.96,1.76,10.83,13.28,14.07,normal,2.3819,0.1595
S026_S051,S026,S051,11.3,18.87,3.85,18.49,23.96,25.78,normal,2.9171,0.2022
S051_S026,S051,S026,11.3,19.34,3.48,19.03,23.92,25.52,normal,2.9461,0.1783
S026_S052,S026,S052,7.424,14.96,3.06,14.66,19.0,20.44,normal,2.685,0.2022
S052_S026,S052,S026,7.424,15.83,2.76,15.6,19.47,20.74,normal,2.7471,0.1731
S026_S053,S026,S053,1.345,2.05,0.57,1.98,2.81,3.1,normal,0.6809,0.2746
S053_S026,S053,S026,1.345,2.21,0.58,2.14,2.97,3.26,normal,0.7598,0.2561
S026_S056,S026,S056,2.79,6.24,2.07,5.93,8.96,10.07,heavy,1.7796,0.3222
S056_S026,S056,S026,2.79,6.61,2.08,6.31,9.35,10.45,heavy,1.8414,0.307
S026_S057,S026,S057,10.797,25.18,6.3,24.42,33.49,36.63,normal,3.1956,0.2463
S057_S026,S057,S026,10.797,25.42,6.57,24.62,34.1,37.39,normal,3.2034,0.2541
S026_S058,S026,S058,1.546,4.07,1.36,3.86,5.86,6.6,normal,1.3508,0.3256
S058_S026,S058,S026,1.546,3.96,1.33,3.76,5.71,6.43,normal,1.3232,0.3273
S026_S061,S026,S061,12.425,29.65,6.5,28.97,38.25,41.38,normal,3.3661,0.2168
S061_S026,S061,S026,12.425,28.97,6.25,28.32,37.22,40.21,normal,3.3435,0.2132
S026_S062,S026,S062,8.358,11.96,4.14,11.31,17.39,19.65,normal,2.4254,0.336
S062_S026,S062,S026,8.358,12.56,4.24,11.9,18.13,20.43,normal,2.4766,0.3285
S026_S063,S026,S063,6.187,7.97,2.62,7.58,11.41,12.82,light,2.025,0.3197
S063_S026,S063,S026,6.187,8.54,2.85,8.1,12.29,13.83,light,2.092,0.325
S026_S066,S026,S066,6.198,18.94,4.13,18.5,24.4,26.38,heavy,2.9178,0.2158
S066_S026,S066,S026,6.198,19.41,3.79,19.05,24.42,26.2,heavy,2.9471,0.1936
S026_S067,S026,S067,11.091,22.45,7.68,21.24,32.54,36.72,normal,3.0559,0.3327
S067_S026,S067,S026,11.091,23.79,7.97,22.56,34.26,38.57,normal,3.116,0.3261
S026_S068,S026,S068,6.118,16.33,4.32,15.79,22.04,24.22,heavy,2.7592,0.2601
S068_S026,S068,S026,6.118,17.56,4.67,16.97,23.73,26.1,heavy,2.8314,0.2617
S026_S071,S026,S071,5.491,11.52,2.98,11.16,15.46,16.95,normal,2.4121,0.2543
S071_S026,S071,S026,5.491,11.81,3.03,11.44,15.8,17.32,normal,2.4367,0.2523
S026_S072,S026,S072,5.532,9.3,1.77,9.14,11.64,12.47,normal,2.2124,0.1888
S072_S026,S072,S026,5.532,9.02,1.84,8.83,11.45,12.33,normal,2.1787,0.2024
S026_S073,S026,S073,2.307,4.26,0.75,4.2,5.26,5.6,normal,1.4343,0.1757
S073_S026,S073,S026,2.307,4.37,0.76,4.3,5.38,5.73,normal,1.4594,0.1737
S027_S028,S027,S028,12.411,29.6,4.84,29.21,35.97,38.16,normal,3.3744,0.1625
S028_S027,S028,S027,12.411,31.72,4.47,31.41,37.6,39.56,normal,3.4471,0.1403
S027_S030,S027,S030,13.294,28.13,9.17,26.75,40.2,45.11,normal,3.2865,0.3177
S030_S027,S030,S027,13.294,26.01,8.84,24.63,37.63,42.43,normal,3.2041,0.3305
S027_S031,S027,S031,16.846,24.38,8.34,23.07,35.34,39.88,normal,3.1384,0.3328
S031_S027,S031,S027,16.846,24.16,9.07,22.62,36.02,41.1,normal,3.1187,0.3631
S027_S032,S027,S032,3.924,5.9,1.99,5.6,8.52,9.59,normal,1.7219,0.3277
S032_S027,S032,S027,3.924,5.58,1.86,5.29,8.03,9.03,normal,1.6654,0.3254
S027_S035,S027,S035,5.068,12.35,1.92,12.2,14.87,15.72,normal,2.5014,0.1543
S035_S027,S035,S027,5.068,12.55,1.96,12.4,15.13,16.01,normal,2.518,0.1552
S027_S037,S027,S037,2.775,4.17,0.82,4.09,5.25,5.64,light,1.4095,0.1943
S037_S027,S037,S027,2.775,4.08,0.85,3.99,5.2,5.6,light,1.3844,0.206
S027_S038,S027,S038,17.661,33.61,8.42,32.6,44.73,48.92,normal,3.4843,0.2467
S038_S027,S038,S027,17.661,33.44,8.67,32.37,44.89,49.24,normal,3.4772,0.255
S027_S040,S027,S040,10.239,23.92,5.44,23.33,31.11,33.76,normal,3.1497,0.2246
S040_S027,S040,S027,10.239,22.54,5.11,21.98,29.28,31.76,normal,3.0901,0.2238
S027_S041,S027,S041,10.415,37.25,11.28,35.65,52.13,58.04,heavy,3.5738,0.2963
S041_S027,S041,S027,10.415,39.79,12.3,38.02,56.0,62.49,heavy,3.638,0.3021
S027_S042,S027,S042,7.704,17.48,4.97,16.81,24.03,26.59,normal,2.822,0.2788
S042_S027,S042,S027,7.704,18.2,4.54,17.66,24.19,26.45,normal,2.8711,0.2456
S027_S043,S027,S043,13.847,20.49,7.11,19.36,29.83,33.72,normal,2.9632,0.3373
S043_S027,S043,S027,13.847,20.46,6.86,19.4,29.48,33.19,normal,2.9651,0.3266
S027_S045,S027,S045,5.769,15.0,2.99,14.71,18.95,20.35,heavy,2.6886,0.1974
S045_S027,S045,S027,5.769,15.66,3.06,15.37,19.7,21.13,heavy,2.7327,0.1932
S027_S046,S027,S046,11.346,17.69,5.2,16.97,24.55,27.26,normal,2.8315,0.288
S046_S027,S046,S027,11.346,18.0,5.45,17.23,25.19,28.05,normal,2.8467,0.2963
S027_S047,S027,S047,1.411,2.12,0.54,2.06,2.84,3.11,light,0.7217,0.251
S047_S027,S047,S027,1.411,2.13,0.54,2.07,2.84,3.11,light,0.7258,0.2479
S027_S048,S027,S048,13.93,29.28,4.64,28.92,35.39,37.47,heavy,3.3644,0.1575
S048_S027,S048,S027,13.93,29.36,4.54,29.02,35.34,37.37,heavy,3.3679,0.1538
S027_S050,S027,S050,17.771,29.05,7.6,28.11,39.08,42.91,normal,3.336,0.2572
S050_S027,S050,S027,17.771,30.28,8.3,29.21,41.24,45.48,normal,3.3744,0.2692
S027_S051,S027,S051,17.233,40.08,9.54,38.99,52.68,57.36,normal,3.6634,0.2346
S051_S027,S051,S027,17.233,41.84,9.13,40.87,53.89,58.27,normal,3.7105,0.2156
S027_S052,S027,S052,5.905,11.89,2.48,11.64,15.17,16.35,light,2.4543,0.2067
S052_S027,S052,S027,5.905,12.25,2.68,11.97,15.79,17.09,light,2.4821,0.2165
S027_S053,S027,S053,11.228,29.08,8.12,28.01,39.8,43.96,heavy,3.3326,0.274
S053_S027,S053,S027,11.228,30.12,7.49,29.23,40.01,43.73,heavy,3.3751,0.245
S027_S055,S027,S055,6.694,10.69,3.61,10.13,15.43,17.39,normal,2.3153,0.3285
S055_S027,S055,S027,6.694,10.51,3.48,9.97,15.08,16.96,normal,2.2999,0.3227
S027_S056,S027,S056,14.741,39.31,9.46,38.22,51.82,56.48,normal,3.6434,0.2374
S056_S027,S056,S027,14.741,41.8,10.19,40.61,55.26,60.29,normal,3.7041,0.2402
S027_S057,S027,S057,3.949,9.95,2.14,9.73,12.78,13.8,normal,2.2755,0.2124
S057_S027,S057,S027,3.949,10.3,1.98,10.12,12.91,13.83,normal,2.3143,0.1902
S027_S058,S027,S058,12.756,31.52,7.56,30.65,41.5,45.22,normal,3.4226,0.2365
S058_S027,S058,S027,12.756,29.43,7.87,28.43,39.82,43.81,normal,3.3473,0.263
S027_S060,S027,S060,15.673,25.74,8.88,24.33,37.4,42.24,normal,3.1917,0.3354
S060_S027,S060,S027,15.673,27.59,8.66,26.32,39.0,43.59,normal,3.2704,0.3067
S027_S062,S027,S062,3.766,7.63,2.32,7.3,10.68,11.9,normal,1.988,0.297
S062_S027,S062,S027,3.766,7.71,2.39,7.36,10.86,12.12,normal,1.9966,0.303
S027_S063,S027,S063,15.765,51.08,16.54,48.59,72.84,81.68,heavy,3.8835,0.3157
S063_S027,S063,S027,15.765,53.27,15.05,51.27,73.14,80.88,heavy,3.9371,0.2771
S027_S065,S027,S065,16.665,35.51,10.51,34.05,49.36,54.84,normal,3.5277,0.2898
S065_S027,S065,S027,16.665,34.31,9.84,32.98,47.29,52.37,normal,3.4958,0.2812
S027_S066,S027,S066,17.24,34.94,11.95,33.06,50.64,57.14,heavy,3.4982,0.3327
S066_S027,S066,S027,17.24,35.62,11.36,33.94,50.58,56.62,heavy,3.5245,0.3112
S027_S067,S027,S067,0.921,1.51,0.48,1.43,2.14,2.4,light,0.3608,0.3132
S067_S027,S067,S027,0.921,1.53,0.48,1.46,2.17,2.43,light,0.3797,0.3078
S027_S068,S027,S068,11.94,27.2,7.67,26.18,37.32,41.26,normal,3.265,0.2765
S068_S027,S068,S027,11.94,26.81,7.02,25.94,36.08,39.62,normal,3.2556,0.2576
S027_S070,S027,S070,9.623,16.98,3.38,16.65,21.44,23.03,normal,2.8126,0.197
S070_S027,S070,S027,9.623,17.31,3.42,16.98,21.82,23.42,normal,2.8319,0.1956
S027_S071,S027,S071,11.736,24.69,3.94,24.38,29.88,31.66,heavy,3.1937,0.1588
S071_S027,S071,S027,11.736,22.93,3.83,22.62,27.97,29.7,heavy,3.1187,0.1657
S027_S072,S027,S072,6.589,15.87,2.48,15.68,19.14,20.25,normal,2.7525,0.1555
S072_S027,S072,S027,6.589,15.44,2.28,15.28,18.44,19.45,normal,2.7264,0.1468
S027_S073,S027,S073,13.836,46.35,16.17,43.77,67.58,76.42,heavy,3.7789,0.3388
S073_S027,S073,S027,13.836,47.63,16.52,45.0,69.32,78.35,heavy,3.8066,0.3371
S027_S075,S027,S075,15.201,25.46,6.85,24.58,34.5,37.97,normal,3.202,0.2643
S075_S027,S075,S027,15.201,24.14,6.79,23.24,33.1,36.58,normal,3.1459,0.2758
S028_S029,S028,S029,10.84,26.15,8.79,24.78,37.71,42.46,heavy,3.2102,0.3273
S029_S028,S029,S028,10.84,27.27,8.48,26.04,38.44,42.93,heavy,3.2596,0.3039
S028_S031,S028,S031,5.984,12.13,3.81,11.58,17.15,19.17,heavy,2.4489,0.3067
S031_S028,S031,S028,5.984,12.8,3.48,12.35,17.39,19.16,heavy,2.5137,0.267
S028_S032,S028,S032,12.743,24.34,4.24,23.97,29.93,31.87,normal,3.177,0.1731
S032_S028,S032,S028,12.743,23.67,4.17,23.31,29.17,31.08,normal,3.149,0.1749
S028_S033,S028,S033,6.562,12.77,2.45,12.55,16.01,17.15,light,2.5294,0.1901
S033_S028,S033,S028,6.562,11.98,2.56,11.71,15.36,16.59,light,2.4605,0.2116
S028_S036,S028,S036,15.526,26.94,9.36,25.45,39.23,44.34,normal,3.2366,0.3376
S036_S028,S036,S028,15.526,27.91,9.56,26.4,40.46,45.66,normal,3.2734,0.333
S028_S037,S028,S037,9.695,20.8,6.06,19.97,28.79,31.93,heavy,2.994,0.2854
S037_S028,S037,S028,9.695,21.16,5.84,20.4,28.86,31.84,heavy,3.0153,0.2708
S028_S038,S028,S038,5.932,10.95,3.82,10.34,15.96,18.06,normal,2.3358,0.339
S038_S028,S038,S028,5.932,11.7,3.91,11.1,16.84,18.95,normal,2.4065,0.3253
S028_S039,S028,S039,17.257,32.43,9.59,31.1,45.08,50.08,normal,3.4371,0.2897
S039_S028,S039,S028,17.257,32.39,8.98,31.21,44.24,48.83,normal,3.4408,0.2721
S028_S041,S028,S041,4.097,7.19,2.1,6.9,9.96,11.05,normal,1.9319,0.2858
S041_S028,S041,S028,4.097,6.62,1.9,6.36,9.12,10.1,normal,1.8501,0.2812
S028_S042,S028,S042,11.158,26.19,4.55,25.8,32.18,34.26,heavy,3.2505,0.1723
S042_S028,S042,S028,11.158,27.45,5.0,27.0,34.04,36.35,heavy,3.2959,0.1807
S028_S043,S028,S043,3.685,7.3,1.58,7.14,9.39,10.15,normal,1.9652,0.2143
S043_S028,S043,S028,3.685,6.73,1.49,6.57,8.7,9.42,normal,1.8829,0.2185
S028_S044,S028,S044,11.762,25.54,7.87,24.41,35.91,40.05,normal,3.1949,0.3011
S044_S028,S044,S028,11.762,24.72,7.95,23.54,35.18,39.42,normal,3.1586,0.3135
S028_S046,S028,S046,1.843,2.96,0.51,2.92,3.63,3.87,normal,1.0707,0.1715
S046_S028,S046,S028,1.843,2.89,0.53,2.84,3.59,3.84,normal,1.0428,0.1837
S028_S047,S028,S047,12.261,28.94,4.51,28.59,34.88,36.89,heavy,3.3532,0.1549
S047_S028,S047,S028,12.261,27.52,4.81,27.11,33.86,36.06,heavy,3.2999,0.1735
S028_S048,S028,S048,4.241,8.49,2.09,8.25,11.25,12.28,heavy,2.1099,0.2422
S048_S028,S048,S028,4.241,8.9,2.15,8.65,11.73,12.79,heavy,2.1573,0.2381
S028_S049,S028,S049,11.669,22.14,6.1,21.34,30.18,33.3,normal,3.0606,0.2704
S049_S028,S049,S028,11.669,23.54,6.05,22.8,31.53,34.56,normal,3.1266,0.253
S028_S051,S028,S051,13.974,29.57,9.92,28.03,42.61,47.97,heavy,3.3333,0.3266
S051_S028,S051,S028,13.974,31.15,9.52,29.79,43.7,48.71,heavy,3.3942,0.2989
S028_S052,S028,S052,8.916,12.46,2.65,12.18,15.96,17.23,light,2.5001,0.2107
S052_S028,S052,S028,8.916,11.88,2.75,11.57,15.51,16.86,light,2.4484,0.2288
S028_S053,S028,S053,1.877,2.97,0.97,2.82,4.24,4.76,normal,1.0359,0.3193
S053_S028,S053,S028,1.877,2.76,0.9,2.62,3.95,4.43,normal,0.9641,0.3191
S028_S054,S028,S054,9.602,20.04,4.36,19.58,25.8,27.9,heavy,2.9745,0.2153
S054_S028,S054,S028,9.602,20.44,4.66,19.93,26.6,28.87,heavy,2.9923,0.2252
S028_S056,S028,S056,3.374,5.15,1.17,5.02,6.7,7.27,light,1.6133,0.225
S056_S028,S056,S028,3.374,5.45,1.23,5.31,7.08,7.67,light,1.6704,0.2234
S028_S057,S028,S057,10.358,23.24,4.95,22.73,29.77,32.13,heavy,3.1236,0.2105
S057_S028,S057,S028,10.358,22.39,4.54,21.94,28.38,30.53,heavy,3.0884,0.2007
S028_S058,S028,S058,1.421,2.16,0.48,2.1,2.8,3.03,normal,0.744,0.2216
S058_S028,S058,S028,1.421,2.06,0.46,2.01,2.67,2.9,normal,0.6972,0.2229
S028_S059,S028,S059,17.899,59.8,18.36,57.17,83.99,93.66,heavy,4.046,0.3001
S059_S028,S059,S028,17.899,63.76,18.15,61.32,87.71,97.07,heavy,4.1161,0.2792
S028_S061,S028,S061,14.827,39.54,9.75,38.39,52.42,57.25,normal,3.6479,0.2429
S061_S028,S061,S028,14.827,37.35,9.44,36.22,49.82,54.52,normal,3.5895,0.2487
S028_S062,S028,S062,8.645,16.38,5.32,15.58,23.38,26.23,normal,2.7459,0.3167
S062_S028,S062,S028,8.645,17.1,4.94,16.43,23.62,26.17,normal,2.7991,0.2831
S028_S063,S028,S063,3.884,5.91,1.86,5.64,8.36,9.34,normal,1.7294,0.307
S063_S028,S063,S028,3.884,5.63,1.69,5.39,7.85,8.73,normal,1.6853,0.293
S028_S064,S028,S064,11.08,30.16,9.74,28.71,42.99,48.2,heavy,3.3571,0.315
S064_S028,S064,S028,11.08,27.77,10.58,25.95,41.61,47.56,heavy,3.2562,0.3683
S028_S066,S028,S066,8.109,11.57,3.11,11.17,15.68,17.26,light,2.4136,0.2642
S066_S028,S066,S028,8.109,11.26,3.35,10.79,15.68,17.43,light,2.379,0.2914
S028_S067,S028,S067,11.491,28.65,8.69,27.42,40.11,44.67,normal,3.3113,0.2966
S067_S028,S067,S028,11.491,27.79,8.82,26.49,39.41,44.11,normal,3.2768,0.3099
S028_S068,S028,S068,3.647,7.75,2.54,7.36,11.1,12.46,normal,1.9963,0.3201
S068_S028,S068,S028,3.647,7.38,2.44,7.01,10.58,11.89,normal,1.9467,0.3217
S028_S069,S028,S069,14.021,25.77,7.85,24.65,36.11,40.23,normal,3.2048,0.2978
S069_S028,S069,S028,14.021,24.19,7.3,23.16,33.81,37.64,normal,3.1425,0.2951
S028_S071,S028,S071,8.135,15.1,2.31,14.93,18.14,19.17,light,2.7032,0.1522
S071_S028,S071,S028,8.135,14.39,2.24,14.22,17.35,18.35,light,2.6548,0.1549
S028_S072,S028,S072,5.876,12.43,2.22,12.23,15.35,16.37,normal,2.5043,0.1769
S072_S028,S072,S028,5.876,12.58,2.07,12.41,15.3,16.24,normal,2.5184,0.1635
S028_S073,S028,S073,2.03,5.83,1.91,5.53,8.34,9.37,heavy,1.711,0.3201
S073_S028,S073,S028,2.03,5.41,1.73,5.15,7.69,8.61,heavy,1.6387,0.3127
S028_S074,S028,S074,16.133,24.16,3.87,23.86,29.25,30.99,normal,3.172,0.1591
S074_S028,S074,S028,16.133,22.43,3.81,22.12,27.46,29.19,normal,3.0964,0.1687
S029_S030,S029,S030,10.02,23.5,6.33,22.69,31.85,35.06,normal,3.1221,0.2645
S030_S029,S030,S029,10.02,23.99,6.57,23.14,32.66,36.01,normal,3.1415,0.2689
S029_S033,S029,S033,6.375,12.37,2.74,12.08,15.98,17.3,normal,2.4915,0.2185
S033_S029,S033,S029,6.375,13.0,2.85,12.7,16.77,18.14,normal,2.5414,0.2168
S029_S034,S029,S034,10.684,18.1,4.65,17.53,24.24,26.56,normal,2.864,0.2526
S034_S029,S034,S029,10.684,18.3,4.27,17.82,23.93,26.02,normal,2.8802,0.2302
S029_S035,S029,S035,15.982,34.02,9.86,32.68,47.03,52.13,heavy,3.4868,0.2839
S035_S029,S035,S029,15.982,33.78,10.22,32.33,47.26,52.62,heavy,3.4761,0.296
S029_S038,S029,S038,7.011,11.62,2.82,11.29,15.35,16.74,normal,2.4239,0.2396
S038_S029,S038,S029,7.011,12.45,2.62,12.18,15.91,17.16,normal,2.5,0.2084
S029_S039,S029,S039,6.458,9.71,1.96,9.52,12.29,13.21,normal,2.253,0.1996
S039_S029,S039,S029,6.458,9.54,2.04,9.33,12.23,13.2,normal,2.2332,0.211
S029_S040,S029,S040,11.777,20.02,6.16,19.13,28.13,31.38,normal,2.9512,0.3008
S040_S029,S040,S029,11.777,19.87,5.58,19.13,27.23,30.1,normal,2.951,0.2756
S029_S043,S029,S043,7.174,18.44,4.06,18.01,23.81,25.77,heavy,2.891,0.2177
S043_S029,S043,S029,7.174,19.46,3.89,19.09,24.59,26.42,heavy,2.949,0.1977
S029_S044,S029,S044,2.17,3.82,1.01,3.69,5.16,5.67,light,1.3065,0.2605
S044_S029,S044,S029,2.17,3.76,1.06,3.62,5.16,5.7,light,1.2873,0.2752
S029_S045,S029,S045,17.417,58.44,15.27,56.54,78.6,86.28,heavy,4.035,0.2569
S045_S029,S045,S029,17.417,61.18,15.37,59.34,81.48,89.14,heavy,4.0832,0.2474
S029_S048,S029,S048,6.666,13.32,3.1,12.98,17.42,18.93,normal,2.5632,0.2296
S048_S029,S048,S029,6.666,13.43,3.39,13.02,17.91,19.6,normal,2.5663,0.2489
S029_S049,S029,S049,2.511,6.85,1.49,6.7,8.83,9.55,heavy,1.9014,0.2156
S049_S029,S049,S029,2.511,7.16,1.48,7.02,9.11,9.81,heavy,1.9484,0.2038
S029_S050,S029,S050,15.528,33.32,8.63,32.26,44.71,49.04,heavy,3.4737,0.2547
S050_S029,S050,S029,15.528,31.58,8.92,30.39,43.35,47.94,heavy,3.4141,0.2771
S029_S053,S029,S053,12.595,20.54,6.01,19.72,28.46,31.58,normal,2.9815,0.2864
S053_S029,S053,S029,12.595,19.27,6.12,18.37,27.33,30.59,normal,2.9107,0.31
S029_S054,S029,S054,1.325,3.77,0.64,3.71,4.61,4.9,heavy,1.3118,0.1683
S054_S029,S054,S029,1.325,3.57,0.7,3.5,4.49,4.82,heavy,1.2541,0.1933
S029_S055,S029,S055,15.917,40.83,7.01,40.24,50.07,53.26,normal,3.6948,0.1705
S055_S029,S055,S029,15.917,42.6,6.84,42.06,51.61,54.69,normal,3.7391,0.1596
S029_S058,S029,S058,12.081,30.69,8.66,29.54,42.12,46.57,heavy,3.3857,0.2767
S058_S029,S058,S029,12.081,29.3,8.03,28.26,39.9,44.0,heavy,3.3415,0.2691
S029_S059,S029,S059,7.323,11.11,3.34,10.64,15.52,17.27,light,2.3645,0.2945
S059_S029,S059,S029,7.323,11.57,3.45,11.09,16.12,17.92,light,2.4056,0.2921
S029_S063,S029,S063,7.998,20.86,4.34,20.42,26.59,28.66,heavy,3.0165,0.2061
S063_S029,S063,S029,7.998,19.84,4.5,19.35,25.79,27.98,heavy,2.9627,0.2241
S029_S064,S029,S064,5.525,11.7,3.09,11.31,15.78,17.34,normal,2.426,0.2596
S064_S029,S064,S029,5.525,12.48,3.36,12.06,16.92,18.62,normal,2.4895,0.2644
S029_S065,S029,S065,10.45,23.28,7.75,22.09,33.48,37.66,heavy,3.0951,0.3243
S065_S029,S065,S029,10.45,23.59,7.93,22.36,34.01,38.3,heavy,3.1074,0.3271
S029_S068,S029,S068,8.171,15.22,4.86,14.5,21.62,24.22,normal,2.6741,0.3118
S068_S029,S068,S029,8.171,14.16,5.25,13.27,21.03,23.96,normal,2.5856,0.3592
S029_S069,S029,S069,3.57,5.18,0.78,5.12,6.2,6.55,normal,1.6334,0.1493
S069_S029,S069,S029,3.57,4.86,0.74,4.8,5.83,6.17,normal,1.5685,0.1523
S029_S070,S029,S070,9.574,34.28,8.1,33.36,44.98,48.95,heavy,3.5074,0.2331
S070_S029,S070,S029,9.574,34.97,8.44,33.99,46.12,50.28,heavy,3.526,0.2381
S029_S073,S029,S073,11.946,32.13,7.61,31.26,42.18,45.92,heavy,3.4423,0.2338
S073_S029,S073,S029,11.946,32.96,7.58,32.12,42.97,46.66,heavy,3.4696,0.2269
S029_S074,S029,S074,5.601,13.04,2.96,12.72,16.95,18.39,normal,2.5432,0.2241
S074_S029,S074,S029,5.601,13.75,2.76,13.49,17.39,18.69,normal,2.6016,0.1984
S029_S075,S029,S075,13.771,26.59,7.55,25.58,36.55,40.44,heavy,3.2417,0.2785
S075_S029,S075,S029,13.771,24.51,7.78,23.36,34.75,38.89,heavy,3.1512,0.3097
S030_S032,S030,S032,9.831,32.01,10.46,30.42,45.77,51.39,heavy,3.4151,0.3187
S032_S030,S032,S030,9.831,34.44,9.7,33.15,47.24,52.23,heavy,3.501,0.2764
S030_S034,S030,S034,11.506,27.9,8.68,26.64,39.34,43.92,normal,3.2824,0.304
S034_S030,S034,S030,11.506,29.66,9.02,28.37,41.55,46.29,normal,3.3455,0.2975
S030_S035,S030,S035,8.549,17.05,4.68,16.44,23.24,25.63,heavy,2.8,0.2697
S035_S030,S035,S030,8.549,17.08,4.73,16.46,23.33,25.75,heavy,2.8009,0.272
S030_S037,S030,S037,11.771,30.76,6.8,30.03,39.73,43.01,heavy,3.4022,0.2184
S037_S030,S037,S030,11.771,30.39,6.13,29.78,38.48,41.37,heavy,3.394,0.1997
S030_S039,S030,S039,12.197,22.9,6.78,21.95,31.84,35.37,normal,3.0889,0.29
S039_S030,S039,S030,12.197,22.9,6.66,21.99,31.69,35.14,normal,3.0907,0.2849
S030_S040,S030,S040,3.099,4.8,1.07,4.69,6.22,6.74,light,1.5444,0.2207
S040_S030,S040,S030,3.099,4.85,1.12,4.73,6.33,6.87,light,1.5538,0.2271
S030_S042,S030,S042,5.589,11.75,2.89,11.41,15.57,17.01,light,2.4343,0.2427
S042_S030,S042,S030,5.589,11.08,3.03,10.68,15.07,16.61,light,2.3687,0.2684
S030_S044,S030,S044,8.239,11.86,4.11,11.21,17.26,19.51,normal,2.4166,0.3369
S044_S030,S044,S030,8.239,11.8,3.77,11.24,16.75,18.76,normal,2.4192,0.3116
S030_S045,S030,S045,9.186,18.7,3.14,18.44,22.83,24.25,heavy,2.9145,0.1665
S045_S030,S045,S030,9.186,19.09,3.24,18.82,23.35,24.82,heavy,2.9348,0.1684
S030_S047,S030,S047,11.965,20.29,5.82,19.51,27.97,30.98,normal,2.9708,0.2812
S047_S030,S047,S030,11.965,21.26,5.6,20.56,28.66,31.49,normal,3.0234,0.2591
S030_S049,S030,S049,7.798,17.25,3.77,16.85,22.24,24.05,light,2.8245,0.2162
S049_S030,S049,S030,7.798,17.16,3.78,16.76,22.16,23.98,light,2.8191,0.2178
S030_S050,S030,S050,6.949,17.93,5.32,17.19,24.95,27.73,heavy,2.8445,0.2905
S050_S030,S050,S030,6.949,17.51,5.83,16.61,25.18,28.32,heavy,2.8103,0.3242
S030_S052,S030,S052,15.779,33.94,6.23,33.38,42.16,45.04,normal,3.5081,0.182
S052_S030,S052,S030,15.779,36.24,6.54,35.66,44.86,47.87,normal,3.5741,0.179
S030_S054,S030,S054,10.303,22.84,6.0,22.09,30.76,33.79,heavy,3.0951,0.2584
S054_S030,S054,S030,10.303,23.31,6.09,22.55,31.36,34.43,heavy,3.1159,0.2571
S030_S055,S030,S055,7.579,13.59,3.82,13.08,18.63,20.6,normal,2.5713,0.2759
S055_S030,S055,S030,7.579,14.26,3.92,13.75,19.43,21.43,normal,2.6213,0.2697
S030_S057,S030,S057,9.458,17.39,2.9,17.15,21.21,22.52,light,2.8422,0.1654
S057_S030,S057,S030,9.458,18.37,2.77,18.16,22.01,23.24,light,2.8994,0.1498
S030_S059,S030,S059,11.466,27.91,5.75,27.33,35.51,38.24,normal,3.3081,0.2041
S059_S030,S059,S030,11.466,25.74,5.31,25.21,32.75,35.26,normal,3.2271,0.2041
S030_S060,S030,S060,8.289,19.51,5.24,18.84,26.42,29.08,normal,2.9362,0.2637
S060_S030,S060,S030,8.289,20.01,5.1,19.39,26.74,29.29,normal,2.9646,0.2509
S030_S062,S030,S062,12.011,38.14,11.69,36.47,53.55,59.7,heavy,3.5964,0.2997
S062_S030,S062,S030,12.011,38.05,12.39,36.18,54.35,60.99,heavy,3.5885,0.3175
S030_S064,S030,S064,4.497,5.84,1.28,5.71,7.53,8.15,light,1.7422,0.216
S064_S030,S064,S030,4.497,6.28,1.3,6.15,8.0,8.62,light,1.8167,0.2051
S030_S065,S030,S065,3.482,7.34,2.33,6.99,10.41,11.64,heavy,1.945,0.3099
S065_S030,S065,S030,3.482,7.66,2.21,7.36,10.57,11.71,heavy,1.9954,0.2827
S030_S067,S030,S067,12.929,34.0,9.43,32.76,46.45,51.28,heavy,3.4892,0.2724
S067_S030,S067,S030,12.929,34.42,10.08,33.03,47.71,52.95,heavy,3.4975,0.2868
S030_S069,S030,S069,9.422,20.81,4.22,20.4,26.39,28.38,light,3.0154,0.2008
S069_S030,S069,S030,9.422,19.32,4.19,18.88,24.86,26.87,light,2.9383,0.2145
S030_S070,S030,S070,5.855,11.14,2.73,10.82,14.75,16.11,normal,2.3817,0.2417
S070_S030,S070,S030,5.855,10.93,2.85,10.58,14.69,16.12,normal,2.3587,0.2561
S030_S072,S030,S072,12.329,23.49,4.21,23.12,29.03,30.97,normal,3.1408,0.1776
S072_S030,S072,S030,12.329,21.65,4.56,21.19,27.68,29.86,normal,3.0535,0.2085
S030_S074,S030,S074,10.379,20.1,5.74,19.33,27.68,30.64,normal,2.9617,0.2801
S074_S030,S074,S030,10.379,20.69,5.22,20.07,27.58,30.18,normal,2.999,0.2482
S030_S075,S030,S075,4.366,8.76,2.43,8.44,11.97,13.22,heavy,2.1335,0.2724
S075_S030,S075,S030,4.366,8.92,2.51,8.59,12.22,13.51,heavy,2.1501,0.2756
S031_S033,S031,S033,8.74,16.24,3.31,15.91,20.61,22.18,light,2.7669,0.202
S033_S031,S033,S031,8.74,15.6,3.37,15.25,20.05,21.67,light,2.7245,0.2135
S031_S036,S031,S036,11.26,29.21,8.33,28.09,40.2,44.49,heavy,3.3355,0.2795
S036_S031,S036,S031,11.26,30.31,8.47,29.19,41.49,45.84,heavy,3.3737,0.2744
S031_S037,S031,S037,14.414,33.39,7.26,32.63,42.99,46.48,normal,3.4853,0.215
S037_S031,S037,S031,14.414,36.03,6.99,35.37,45.26,48.53,normal,3.5659,0.1923
S031_S038,S031,S038,8.001,18.37,2.79,18.16,22.04,23.28,light,2.8994,0.1508
S038_S031,S038,S031,8.001,16.94,2.56,16.75,20.31,21.45,light,2.8181,0.1504
S031_S041,S031,S041,6.45,16.07,3.84,15.63,21.15,23.04,normal,2.7493,0.2359
S041_S031,S041,S031,6.45,16.65,3.65,16.26,21.48,23.23,normal,2.789,0.2168
S031_S042,S031,S042,17.041,60.86,16.67,58.7,82.86,91.35,heavy,4.0724,0.2689
S042_S031,S042,S031,17.041,65.13,17.19,62.97,87.83,96.5,heavy,4.1427,0.2595
S031_S043,S031,S043,8.66,11.41,3.88,10.8,16.51,18.61,light,2.3797,0.3308
S043_S031,S043,S031,8.66,11.79,3.59,11.28,16.51,18.4,light,2.4229,0.2974
S031_S046,S031,S046,5.887,9.03,1.59,8.89,11.12,11.85,normal,2.1849,0.1746
S046_S031,S046,S031,5.887,9.6,1.65,9.46,11.77,12.53,normal,2.247,0.1707
S031_S047,S031,S047,17.066,51.07,12.43,49.63,67.49,73.64,heavy,3.9045,0.2399
S047_S031,S047,S031,17.066,52.21,13.48,50.55,70.01,76.78,heavy,3.9229,0.2541
S031_S048,S031,S048,9.248,20.16,4.74,19.62,26.42,28.75,normal,2.9766,0.2322
S048_S031,S048,S031,9.248,19.37,5.01,18.76,25.99,28.51,normal,2.9316,0.2545
S031_S051,S031,S051,10.908,23.76,3.86,23.45,28.84,30.58,normal,3.155,0.1614
S051_S031,S051,S031,10.908,23.12,3.52,22.86,27.76,29.33,normal,3.1294,0.1514
S031_S052,S031,S052,11.809,17.23,3.5,16.89,21.85,23.5,normal,2.8267,0.2009
S052_S031,S052,S031,11.809,16.05,3.83,15.61,21.11,22.99,normal,2.7478,0.2355
S031_S053,S031,S053,6.009,18.71,4.28,18.24,24.36,26.44,heavy,2.9036,0.2256
S053_S031,S053,S031,6.009,17.54,4.31,17.03,23.23,25.37,heavy,2.8351,0.2422
S031_S056,S031,S056,2.611,4.35,1.19,4.2,5.91,6.52,light,1.434,0.2679
S056_S031,S056,S031,2.611,4.64,1.24,4.48,6.27,6.9,light,1.4994,0.2623
S031_S057,S031,S057,15.693,39.13,6.44,38.61,47.61,50.52,normal,3.6534,0.1635
S057_S031,S057,S031,15.693,40.55,6.8,39.99,49.5,52.58,normal,3.6887,0.1664
S031_S058,S031,S058,4.781,10.9,2.72,10.57,14.49,15.84,light,2.3584,0.2458
S058_S031,S058,S031,4.781,11.65,2.81,11.33,15.36,16.75,light,2.4273,0.2377
S031_S061,S031,S061,10.082,22.13,6.42,21.26,30.6,33.93,normal,3.0567,0.2842
S061_S031,S061,S031,10.082,22.4,6.44,21.53,30.89,34.22,normal,3.0693,0.2818
S031_S062,S031,S062,13.262,19.5,4.84,18.93,25.89,28.3,normal,2.9407,0.2444
S062_S031,S062,S031,13.262,19.2,5.06,18.57,25.89,28.44,normal,2.9216,0.2591
S031_S063,S031,S063,6.862,10.77,1.77,10.62,13.09,13.89,normal,2.3631,0.1629
S063_S031,S063,S031,6.862,9.91,1.93,9.73,12.45,13.35,normal,2.275,0.1926
S031_S066,S031,S066,2.927,4.58,1.13,4.44,6.07,6.63,normal,1.4917,0.2428
S066_S031,S066,S031,2.927,4.46,1.08,4.33,5.89,6.42,normal,1.4654,0.2397
S031_S067,S031,S067,15.951,41.42,14.47,39.1,60.42,68.34,normal,3.6662,0.3394
S067_S031,S067,S031,15.951,38.71,14.57,36.23,57.78,65.94,normal,3.5898,0.3641
S031_S068,S031,S068,9.444,18.56,3.08,18.31,22.62,24.02,heavy,2.9074,0.165
S068_S031,S068,S031,9.444,19.33,2.95,19.11,23.22,24.54,heavy,2.9503,0.1519
S031_S071,S031,S071,7.636,23.73,6.19,22.96,31.91,35.02,heavy,3.1339,0.2566
S071_S031,S071,S031,7.636,24.34,5.94,23.65,32.19,35.13,heavy,3.1632,0.2406
S031_S072,S031,S072,10.451,21.04,3.61,20.74,25.79,27.43,normal,3.032,0.1701
S072_S031,S072,S031,10.451,20.57,3.31,20.31,24.92,26.41,normal,3.0109,0.1597
S031_S073,S031,S073,3.956,6.85,2.03,6.57,9.53,10.59,normal,1.8818,0.2908
S073_S031,S073,S031,3.956,6.34,1.84,6.09,8.77,9.72,normal,1.8064,0.2846
S032_S033,S032,S033,17.339,24.81,4.91,24.34,31.29,33.59,normal,3.1922,0.1958
S033_S032,S033,S032,17.339,23.08,4.95,22.56,29.61,31.98,normal,3.1164,0.2119
S032_S035,S032,S035,1.283,3.69,0.95,3.57,4.94,5.42,heavy,1.2737,0.2527
S035_S032,S035,S032,1.283,3.97,0.86,3.88,5.1,5.51,heavy,1.3548,0.2134
S032_S037,S032,S037,4.195,7.43,1.62,7.26,9.57,10.34,light,1.9826,0.215
S037_S032,S037,S032,4.195,7.32,1.52,7.17,9.33,10.05,light,1.9693,0.2059
S032_S038,S032,S038,17.081,29.22,7.44,28.31,39.04,42.76,normal,3.3433,0.2506
S038_S032,S038,S032,17.081,30.95,7.49,30.08,40.85,44.54,normal,3.4038,0.2387
S032_S040,S032,S040,6.732,9.32,1.83,9.15,11.74,12.6,light,2.2137,0.1947
S040_S032,S040,S032,6.732,8.63,1.7,8.47,10.88,11.68,light,2.1366,0.1952
S032_S041,S032,S041,11.982,20.5,5.01,19.91,27.11,29.58,normal,2.9913,0.2407
S041_S032,S041,S032,11.982,19.01,5.21,18.33,25.88,28.53,normal,2.9086,0.269
S032_S042,S032,S042,4.396,9.11,1.68,8.96,11.32,12.1,light,2.1925,0.1829
S042_S032,S042,S032,4.396,9.7,1.79,9.54,12.06,12.88,light,2.2553,0.1828
S032_S043,S032,S043,13.104,32.83,8.94,31.68,44.63,49.18,normal,3.4557,0.2674
S043_S032,S043,S032,13.104,30.54,9.51,29.16,43.07,48.09,normal,3.3729,0.3041
S032_S045,S032,S045,2.066,5.11,1.37,4.93,6.92,7.62,normal,1.5954,0.2643
S045_S032,S045,S032,2.066,4.75,1.29,4.58,6.45,7.11,normal,1.5222,0.2672
S032_S046,S032,S046,12.205,25.47,8.08,24.28,36.11,40.41,normal,3.1898,0.3096
S046_S032,S046,S032,12.205,26.2,7.8,25.11,36.48,40.55,normal,3.2234,0.2912
S032_S047,S032,S047,2.523,3.65,0.97,3.52,4.92,5.41,normal,1.2595,0.2607
S047_S032,S047,S032,2.523,3.54,1.06,3.39,4.93,5.49,normal,1.2219,0.292
S032_S048,S032,S048,13.016,40.14,6.39,39.64,48.55,51.42,heavy,3.6799,0.1581
S048_S032,S048,S032,13.016,39.08,5.9,38.65,46.85,49.48,heavy,3.6545,0.1502
S032_S050,S032,S050,13.858,33.49,7.81,32.62,43.81,47.62,normal,3.4849,0.23
S050_S032,S050,S032,13.858,32.8,7.28,32.02,42.42,45.93,normal,3.4663,0.2194
S032_S052,S032,S052,8.861,19.78,5.27,19.12,26.74,29.41,normal,2.9506,0.2618
S052_S032,S052,S032,8.861,18.52,5.64,17.72,25.95,28.91,normal,2.8745,0.2977
S032_S053,S032,S053,12.081,28.57,8.73,27.32,40.07,44.66,heavy,3.3078,0.2987
S053_S032,S053,S032,12.081,30.31,8.0,29.31,40.87,44.91,heavy,3.3778,0.2595
S032_S055,S032,S055,2.771,7.51,2.52,7.12,10.82,12.18,normal,1.9628,0.3263
S055_S032,S055,S032,2.771,7.41,2.67,6.97,10.91,12.39,normal,1.9414,0.3497
S032_S056,S032,S056,15.658,33.87,9.77,32.54,46.75,51.8,heavy,3.4824,0.2827
S056_S032,S056,S032,15.658,31.93,9.32,30.65,44.23,49.07,heavy,3.4227,0.286
S032_S057,S032,S057,2.39,4.62,0.92,4.54,5.83,6.26,normal,1.5123,0.196
S057_S032,S057,S032,2.39,4.71,0.83,4.64,5.8,6.18,normal,1.5337,0.1751
S032_S058,S032,S058,13.484,42.66,10.67,41.39,56.75,62.06,heavy,3.7231,0.2462
S058_S032,S058,S032,13.484,43.53,11.27,42.14,58.42,64.08,heavy,3.7411,0.2547
S032_S060,S032,S060,11.801,33.01,4.98,32.64,39.57,41.78,heavy,3.4856,0.1501
S060_S032,S060,S032,11.801,31.38,5.47,30.92,38.59,41.09,heavy,3.4314,0.1729
S032_S062,S032,S062,5.247,7.58,2.08,7.31,10.32,11.38,normal,1.9893,0.2689
S062_S032,S062,S032,5.247,7.54,2.13,7.25,10.34,11.44,normal,1.9813,0.2769
S032_S063,S032,S063,15.422,47.75,7.67,47.14,57.85,61.3,heavy,3.8532,0.1596
S063_S032,S063,S032,15.422,50.01,7.95,49.39,60.48,64.05,heavy,3.8998,0.158
S032_S065,S032,S065,13.059,25.57,6.26,24.83,33.84,36.93,heavy,3.2122,0.2413
S065_S032,S065,S032,13.059,24.18,6.79,23.28,33.14,36.63,heavy,3.1474,0.2756
S032_S067,S032,S067,4.009,10.42,2.32,10.17,13.49,14.61,normal,2.3198,0.2201
S067_S032,S067,S032,4.009,10.31,2.25,10.08,13.28,14.36,normal,2.3104,0.2152
S032_S068,S032,S068,11.136,23.67,7.14,22.66,33.09,36.83,heavy,3.1208,0.2951
S068_S032,S068,S032,11.136,22.17,6.5,21.28,30.75,34.13,heavy,3.0577,0.2872
S032_S070,S032,S070,7.519,11.71,2.13,11.52,14.51,15.49,light,2.4442,0.1801
S070_S032,S070,S032,7.519,11.68,1.96,11.52,14.27,15.16,light,2.4441,0.1669
S032_S071,S032,S071,14.356,21.59,6.35,20.71,29.96,33.27,normal,3.0305,0.2882
S071_S032,S071,S032,14.356,21.86,6.25,21.02,30.11,33.33,normal,3.0455,0.2803
S032_S072,S032,S072,7.722,12.54,4.13,11.91,17.98,20.2,normal,2.4774,0.3212
S072_S032,S072,S032,7.722,13.1,3.99,12.53,18.36,20.46,normal,2.5283,0.2979
S032_S073,S032,S073,14.524,49.1,14.61,47.06,68.36,75.99,heavy,3.8514,0.2913
S073_S032,S073,S032,14.524,48.12,13.79,46.26,66.32,73.44,heavy,3.8342,0.281
S032_S075,S032,S075,11.327,21.63,5.34,21.0,28.68,31.33,normal,3.0445,0.2432
S075_S032,S075,S032,11.327,20.4,5.8,19.62,28.05,31.04,normal,2.9768,0.2787
S033_S034,S033,S034,17.059,44.43,10.11,43.32,57.78,62.69,heavy,3.7687,0.2246
S034_S033,S034,S033,17.059,44.13,9.49,43.14,56.66,61.2,heavy,3.7645,0.2126
S033_S037,S033,S037,15.295,31.46,6.42,30.82,39.93,42.97,normal,3.4283,0.2019
S037_S033,S037,S033,15.295,29.58,6.66,28.86,38.38,41.61,normal,3.3625,0.2224
S033_S038,S033,S038,0.756,2.64,0.47,2.6,3.26,3.47,heavy,0.9548,0.1759
S038_S033,S038,S033,0.756,2.62,0.44,2.59,3.2,3.4,heavy,0.9499,0.1656
S033_S039,S033,S039,12.516,26.01,8.51,24.72,37.21,41.78,normal,3.2076,0.319
S039_S033,S039,S033,12.516,24.58,9.01,23.08,36.39,41.4,normal,3.1389,0.3552
S033_S041,S033,S041,10.575,15.46,5.12,14.67,22.18,24.94,normal,2.6859,0.3225
S041_S033,S041,S033,10.575,16.62,5.48,15.78,23.82,26.77,normal,2.7588,0.3213
S033_S042,S033,S042,14.325,36.22,11.64,34.48,51.54,57.75,normal,3.5405,0.3135
S042_S033,S042,S033,14.325,38.32,10.98,36.84,52.81,58.47,normal,3.6065,0.2809
S033_S043,S033,S043,4.262,6.91,1.68,6.71,9.12,9.95,light,1.9039,0.2391
S043_S033,S043,S033,4.262,7.16,1.75,6.96,9.48,10.35,light,1.9395,0.2414
S033_S044,S033,S044,8.224,18.32,3.95,17.91,23.53,25.43,normal,2.8854,0.213
S044_S033,S044,S033,8.224,19.47,4.02,19.07,24.78,26.68,normal,2.948,0.2043
S033_S046,S033,S046,8.363,17.07,4.52,16.51,23.04,25.33,light,2.8037,0.2603
S046_S033,S046,S033,8.363,16.85,4.11,16.37,22.28,24.31,light,2.7955,0.2403
S033_S047,S033,S047,17.586,25.23,7.49,24.19,35.1,39.0,normal,3.1858,0.2905
S047_S033,S047,S033,17.586,23.35,7.53,22.22,33.26,37.28,normal,3.1009,0.3147
S033_S048,S033,S048,4.328,6.99,2.16,6.68,9.84,10.98,light,1.8984,0.3025
S048_S033,S048,S033,4.328,6.93,2.05,6.65,9.64,10.71,light,1.8946,0.2896
S033_S049,S033,S049,8.382,20.47,3.12,20.23,24.58,25.97,heavy,3.0074,0.1516
S049_S033,S049,S033,8.382,21.94,2.89,21.75,25.74,26.99,heavy,3.0798,0.1312
S033_S052,S033,S052,15.404,44.7,12.49,43.05,61.19,67.59,heavy,3.7623,0.2743
S052_S033,S052,S033,15.404,41.24,12.92,39.35,58.25,65.09,heavy,3.6725,0.3059
S033_S053,S033,S053,8.417,17.01,4.11,16.53,22.44,24.47,light,2.8053,0.2384
S053_S033,S053,S033,8.417,18.31,4.08,17.87,23.7,25.67,light,2.8829,0.2204
S033_S054,S033,S054,5.098,12.35,3.59,11.86,17.08,18.94,normal,2.4729,0.2848
S054_S033,S054,S033,5.098,12.92,3.5,12.47,17.54,19.31,normal,2.5235,0.2658
S033_S056,S033,S056,7.332,11.95,3.31,11.52,16.32,18.01,light,2.4441,0.2716
S056_S033,S056,S033,7.332,11.73,3.43,11.26,16.26,18.04,light,2.4213,0.2866
S033_S057,S033,S057,15.14,27.85,5.83,27.26,35.55,38.32,normal,3.3054,0.2071
S057_S033,S057,S033,15.14,28.73,5.96,28.13,36.6,39.43,normal,3.3369,0.2053
S033_S058,S033,S058,7.308,11.12,2.13,10.93,13.93,14.93,light,2.3912,0.1897
S058_S033,S058,S033,7.308,11.34,2.06,11.16,14.06,15.01,light,2.412,0.1802
S033_S059,S033,S059,13.601,20.08,5.08,19.46,26.78,29.32,normal,2.9686,0.249
S059_S033,S059,S033,13.601,19.64,4.62,19.12,25.75,28.01,normal,2.9506,0.2322
S033_S062,S033,S062,14.422,39.39,9.57,38.28,52.04,56.77,heavy,3.6448,0.2396
S062_S033,S062,S033,14.422,38.54,8.95,37.54,50.36,54.73,heavy,3.6254,0.2292
S033_S063,S033,S063,2.69,4.86,0.79,4.8,5.91,6.27,normal,1.5689,0.1623
S063_S033,S063,S033,2.69,4.58,0.77,4.52,5.6,5.94,normal,1.5086,0.1665
S033_S064,S033,S064,9.845,18.01,5.04,17.35,24.67,27.25,normal,2.8534,0.2746
S064_S033,S064,S033,9.845,18.74,5.3,18.03,25.74,28.47,normal,2.8923,0.2775
S033_S066,S033,S066,11.661,24.63,8.12,23.39,35.31,39.67,normal,3.1524,0.3211
S066_S033,S066,S033,11.661,25.34,7.76,24.23,35.56,39.64,normal,3.1876,0.2992
S033_S067,S033,S067,17.183,44.31,9.71,43.28,57.13,61.8,normal,3.7678,0.2165
S067_S033,S067,S033,17.183,44.32,10.35,43.16,57.98,63.04,normal,3.7649,0.2303
S033_S068,S033,S068,6.229,11.9,3.05,11.53,15.93,17.46,normal,2.4447,0.2523
S068_S033,S068,S033,6.229,11.81,2.97,11.45,15.73,17.21,normal,2.4382,0.2477
S033_S069,S033,S069,9.942,14.3,4.13,13.74,19.74,21.88,light,2.62,0.2829
S069_S033,S069,S033,9.942,13.58,4.44,12.91,19.43,21.81,light,2.558,0.3188
S033_S071,S033,S071,14.251,48.61,11.09,47.39,63.26,68.65,heavy,3.8585,0.2252
S071_S033,S071,S033,14.251,46.96,12.1,45.48,62.95,69.02,heavy,3.8172,0.2536
S033_S072,S033,S072,11.965,29.68,6.09,29.08,37.72,40.61,normal,3.3699,0.2031
S072_S033,S072,S033,11.965,28.01,5.66,27.45,35.49,38.16,normal,3.3125,0.2002
S033_S073,S033,S073,6.735,13.17,4.48,12.47,19.06,21.49,light,2.523,0.3311
S073_S033,S073,S033,6.735,12.73,4.9,11.88,19.14,21.91,light,2.475,0.3719
S033_S074,S033,S074,11.929,21.8,3.85,21.47,26.87,28.64,normal,3.0667,0.1751
S074_S033,S074,S033,11.929,21.52,4.03,21.16,26.84,28.71,normal,3.0519,0.1856
S034_S038,S034,S038,17.686,63.87,12.0,62.77,79.7,85.27,heavy,4.1395,0.1862
S038_S034,S038,S034,17.686,67.67,11.35,66.74,82.63,87.78,heavy,4.2008,0.1666
S034_S039,S034,S039,5.596,11.07,3.09,10.66,15.15,16.73,heavy,2.3668,0.2737
S039_S034,S039,S034,5.596,11.21,3.18,10.78,15.41,17.05,heavy,2.378,0.2786
S034_S040,S034,S040,14.601,23.21,5.74,22.54,30.8,33.64,normal,3.1151,0.2436
S040_S034,S040,S034,14.601,23.95,6.13,23.2,32.04,35.11,normal,3.144,0.252
S034_S043,S034,S043,17.014,44.59,9.4,43.63,57.0,61.48,heavy,3.7758,0.2085
S043_S034,S043,S034,17.014,47.43,9.04,46.6,59.36,63.57,heavy,3.8415,0.1888
S034_S044,S034,S044,9.027,14.33,2.8,14.07,18.03,19.34,normal,2.6439,0.1935
S044_S034,S044,S034,9.027,15.41,2.95,15.14,19.31,20.69,normal,2.7172,0.1898
S034_S048,S034,S048,16.424,42.94,9.47,41.93,55.46,60.02,normal,3.7361,0.218
S048_S034,S048,S034,16.424,46.08,9.7,45.09,58.89,63.51,normal,3.8087,0.2082
S034_S049,S034,S049,9.02,21.46,5.52,20.79,28.75,31.52,normal,3.0343,0.253
S049_S034,S049,S034,9.02,23.09,5.89,22.37,30.87,33.82,normal,3.1077,0.2512
S034_S050,S034,S050,11.521,26.03,7.37,25.04,35.75,39.55,heavy,3.2205,0.2778
S050_S034,S050,S034,11.521,24.62,6.81,23.72,33.6,37.08,heavy,3.1665,0.2715
S034_S054,S034,S054,11.974,17.16,4.55,16.59,23.16,25.45,normal,2.8085,0.2604
S054_S034,S054,S034,11.974,16.5,4.26,15.98,22.12,24.26,normal,2.7711,0.2539
S034_S059,S034,S059,3.969,7.16,1.12,7.08,8.64,9.15,normal,1.9567,0.156
S059_S034,S059,S034,3.969,7.71,1.04,7.64,9.08,9.54,normal,2.0334,0.1349
S034_S060,S034,S060,15.51,30.05,10.37,28.41,43.67,49.32,normal,3.3466,0.3354
S060_S034,S060,S034,15.51,29.1,11.24,27.14,43.78,50.13,normal,3.301,0.373
S034_S064,S034,S064,10.073,27.12,6.78,26.31,36.06,39.43,heavy,3.2698,0.2461
S064_S034,S064,S034,10.073,29.06,7.36,28.17,38.77,42.45,heavy,3.3383,0.2492
S034_S065,S034,S065,8.598,20.54,7.07,19.42,29.82,33.67,normal,2.9663,0.3345
S065_S034,S065,S034,8.598,21.02,6.78,20.01,29.94,33.56,normal,2.9961,0.3144
S034_S068,S034,S068,17.201,25.85,8.89,24.45,37.53,42.38,normal,3.1965,0.3344
S068_S034,S068,S034,17.201,26.54,9.42,25.01,38.91,44.09,normal,3.2194,0.3446
S034_S069,S034,S069,7.12,11.68,3.91,11.08,16.82,18.93,normal,2.4049,0.3256
S069_S034,S069,S034,7.12,12.03,4.09,11.4,17.41,19.62,normal,2.4332,0.3304
S034_S070,S034,S070,15.772,23.66,4.21,23.29,29.2,31.14,normal,3.148,0.1765
S070_S034,S070,S034,15.772,22.21,3.81,21.88,27.22,28.96,normal,3.0858,0.1702
S034_S074,S034,S074,5.265,9.2,1.78,9.03,11.55,12.39,normal,2.2004,0.1923
S074_S034,S074,S034,5.265,8.6,1.63,8.45,10.74,11.5,normal,2.1339,0.1875
S034_S075,S034,S075,11.894,27.66,7.38,26.73,37.4,41.13,heavy,3.2857,0.2621
S075_S034,S075,S034,11.894,28.91,7.77,27.92,39.17,43.11,heavy,3.3292,0.2642
S035_S037,S035,S037,4.775,14.93,2.49,14.72,18.21,19.33,heavy,2.6894,0.1656
S037_S035,S037,S035,4.775,15.35,2.72,15.11,18.93,20.18,heavy,2.7156,0.1756
S035_S040,S035,S040,5.451,10.64,2.43,10.37,13.85,15.03,heavy,2.3386,0.226
S040_S035,S040,S035,5.451,10.33,2.49,10.04,13.61,14.83,heavy,2.3064,0.2373
S035_S042,S035,S042,3.163,4.64,1.54,4.41,6.67,7.5,normal,1.4834,0.3231
S042_S035,S042,S035,3.163,4.57,1.61,4.31,6.68,7.56,normal,1.4607,0.3416
S035_S044,S035,S044,14.985,39.73,9.03,38.74,51.65,56.04,heavy,3.6569,0.2244
S044_S035,S044,S035,14.985,38.36,8.76,37.39,49.92,54.18,heavy,3.6215,0.2254
S035_S045,S035,S045,1.891,2.32,0.75,2.21,3.31,3.72,light,0.7919,0.3167
S045_S035,S045,S035,1.891,2.22,0.81,2.08,3.28,3.73,light,0.7324,0.3552
S035_S047,S035,S047,3.659,8.05,1.88,7.84,10.52,11.44,heavy,2.0588,0.23
S047_S035,S047,S035,3.659,7.77,1.99,7.53,10.4,11.4,heavy,2.0191,0.252
S035_S049,S035,S049,14.58,21.13,4.96,20.57,27.68,30.1,normal,3.0237,0.2316
S049_S035,S049,S035,14.58,19.91,5.05,19.3,26.57,29.09,normal,2.96,0.2495
S035_S050,S035,S050,12.717,32.16,6.16,31.59,40.29,43.17,normal,3.4529,0.1898
S050_S035,S050,S035,12.717,34.68,6.19,34.14,42.84,45.69,normal,3.5304,0.1772
S035_S052,S035,S052,9.517,26.85,9.04,25.45,38.73,43.62,heavy,3.2367,0.3276
S052_S035,S052,S035,9.517,25.08,8.88,23.65,36.73,41.61,heavy,3.1632,0.3435
S035_S054,S035,S054,15.592,23.22,5.41,22.61,30.36,33.0,normal,3.1186,0.2298
S054_S035,S054,S035,15.592,23.08,5.48,22.45,30.32,33.01,normal,3.1115,0.2343
S035_S055,S035,S055,1.753,3.52,0.67,3.46,4.41,4.72,heavy,1.2419,0.1882
S055_S035,S055,S035,1.753,3.41,0.67,3.34,4.29,4.6,heavy,1.2065,0.1943
S035_S057,S035,S057,2.429,3.79,0.8,3.71,4.84,5.22,normal,1.3106,0.2081
S057_S035,S057,S035,2.429,3.79,0.84,3.7,4.89,5.29,normal,1.3075,0.2181
S035_S060,S035,S060,10.878,33.26,10.25,31.79,46.77,52.18,heavy,3.459,0.3013
S060_S035,S060,S035,10.878,32.0,11.19,30.2,46.68,52.81,heavy,3.408,0.3396
S035_S062,S035,S062,5.683,8.81,2.16,8.56,11.66,12.73,normal,2.1473,0.241
S062_S035,S062,S035,5.683,8.7,2.15,8.44,11.54,12.61,normal,2.1333,0.2437
S035_S064,S035,S064,11.335,25.68,5.11,25.18,32.42,34.82,heavy,3.2262,0.197
S064_S035,S064,S035,11.335,26.76,5.1,26.29,33.49,35.87,heavy,3.2692,0.1889
S035_S065,S035,S065,11.781,17.07,4.6,16.48,23.15,25.49,normal,2.8021,0.2651
S065_S035,S065,S035,11.781,17.29,4.67,16.69,23.45,25.82,normal,2.815,0.2651
S035_S067,S035,S067,5.01,10.31,2.84,9.94,14.06,15.51,heavy,2.2964,0.2706
S067_S035,S067,S035,5.01,11.09,3.02,10.7,15.08,16.62,heavy,2.3703,0.2676
S035_S069,S035,S069,16.859,46.35,13.75,44.43,64.48,71.64,heavy,3.794,0.2904
S069_S035,S069,S035,16.859,48.91,12.82,47.31,65.84,72.3,heavy,3.8567,0.2578
S035_S070,S035,S070,6.566,17.0,3.64,16.63,21.81,23.55,normal,2.811,0.2115
S070_S035,S070,S035,6.566,16.62,3.31,16.29,20.99,22.55,normal,2.7908,0.1974
S035_S072,S035,S072,7.84,16.1,4.46,15.51,21.99,24.27,normal,2.7416,0.2721
S072_S035,S072,S035,7.84,14.93,4.28,14.36,20.58,22.79,normal,2.6643,0.2808
S035_S075,S035,S075,10.133,23.6,3.9,23.28,28.74,30.51,heavy,3.1478,0.1643
S075_S035,S075,S035,10.133,24.61,3.66,24.34,29.41,31.03,heavy,3.1921,0.1477
S036_S041,S036,S041,12.717,31.94,9.6,30.59,44.6,49.62,normal,3.4206,0.2941
S041_S036,S041,S036,12.717,31.03,9.25,29.74,43.22,48.05,normal,3.3925,0.2916
S036_S046,S036,S046,14.21,21.92,6.79,20.93,30.87,34.46,normal,3.0414,0.3029
S046_S036,S046,S036,14.21,22.57,7.05,21.54,31.85,35.58,normal,3.07,0.3051
S036_S051,S036,S051,3.399,8.53,2.27,8.24,11.52,12.67,normal,2.1091,0.2615
S051_S036,S051,S036,3.399,7.86,2.28,7.55,10.87,12.04,normal,2.0219,0.2837
S036_S052,S036,S052,14.566,29.67,7.33,28.8,39.34,42.98,normal,3.3604,0.2433
S052_S036,S052,S036,14.566,31.66,6.83,30.95,40.69,43.97,normal,3.4324,0.2134
S036_S053,S036,S053,14.277,43.87,11.0,42.56,58.4,63.88,heavy,3.7508,0.2469
S053_S036,S053,S036,14.277,45.95,11.13,44.66,60.64,66.13,heavy,3.799,0.2387
S036_S056,S036,S056,12.916,21.65,7.37,20.5,31.34,35.34,normal,3.0202,0.3312
S056_S036,S056,S036,12.916,22.39,7.67,21.18,32.46,36.64,normal,3.053,0.3332
S036_S058,S036,S058,14.12,30.06,7.02,29.27,39.33,42.76,heavy,3.3765,0.2304
S058_S036,S058,S036,14.12,28.21,6.5,27.49,36.8,39.96,heavy,3.3139,0.2274
S036_S061,S036,S061,1.82,4.89,1.07,4.77,6.3,6.82,normal,1.5627,0.2171
S061_S036,S061,S036,1.82,4.6,1.06,4.49,6.0,6.52,normal,1.5009,0.2274
S036_S063,S036,S063,17.862,25.67,6.54,24.88,34.3,37.57,normal,3.2139,0.2506
S063_S036,S063,S036,17.862,24.32,6.28,23.55,32.62,35.77,normal,3.1591,0.2541
S036_S066,S036,S066,8.336,13.56,2.36,13.36,16.66,17.74,normal,2.5921,0.1724
S066_S036,S066,S036,8.336,14.33,2.19,14.17,17.21,18.18,normal,2.651,0.1517
S036_S071,S036,S071,9.088,20.55,3.6,20.24,25.29,26.94,normal,3.0079,0.1737
S071_S036,S071,S036,9.088,22.13,3.54,21.86,26.8,28.4,normal,3.0845,0.1591
S036_S072,S036,S072,16.354,35.55,6.13,35.03,43.63,46.42,heavy,3.5563,0.1711
S072_S036,S072,S036,16.354,37.11,6.44,36.57,45.61,48.55,heavy,3.5992,0.1723
S036_S073,S036,S073,13.988,36.73,6.3,36.2,45.03,47.91,normal,3.5891,0.1703
S073_S036,S073,S036,13.988,36.81,5.75,36.37,44.37,46.95,normal,3.5937,0.1552
S037_S038,S037,S038,14.886,49.46,9.92,48.49,62.55,67.23,heavy,3.8814,0.1986
S038_S037,S038,S037,14.886,47.89,8.95,47.07,59.7,63.85,heavy,3.8517,0.1853
S037_S040,S037,S040,8.903,22.32,3.9,21.99,27.46,29.25,normal,3.0905,0.1734
S040_S037,S040,S037,8.903,22.63,3.67,22.34,27.46,29.12,normal,3.1065,0.161
S037_S041,S037,S041,8.088,13.7,2.14,13.54,16.51,17.47,normal,2.6056,0.1549
S041_S037,S041,S037,8.088,14.46,2.32,14.28,17.52,18.57,normal,2.6588,0.1597
S037_S042,S037,S042,6.373,9.33,2.05,9.12,12.04,13.03,normal,2.21,0.217
S042_S037,S042,S037,6.373,9.86,2.16,9.63,12.72,13.76,normal,2.2652,0.2169
S037_S043,S037,S043,11.082,26.2,6.58,25.41,34.89,38.17,heavy,3.2353,0.2472
S043_S037,S043,S037,11.082,24.52,6.68,23.66,33.34,36.74,heavy,3.1637,0.2675
S037_S045,S037,S045,6.251,16.83,3.26,16.53,21.13,22.65,normal,2.8051,0.1916
S045_S037,S045,S037,6.251,18.09,3.04,17.83,22.09,23.47,normal,2.8811,0.167
S037_S046,S037,S046,8.744,12.03,1.81,11.89,14.41,15.22,light,2.4759,0.15
S046_S037,S046,S037,8.744,12.84,1.97,12.69,15.43,16.31,light,2.5412,0.1523
S037_S047,S037,S047,2.652,4.08,1.0,3.96,5.4,5.89,normal,1.3764,0.2414
S047_S037,S047,S037,2.652,4.04,1.09,3.9,5.48,6.03,normal,1.3607,0.2652
S037_S048,S037,S048,11.179,26.18,5.79,25.57,33.82,36.61,normal,3.2413,0.2183
S048_S037,S048,S037,11.179,25.87,5.8,25.24,33.53,36.34,normal,3.2284,0.2216
S037_S050,S037,S050,17.093,34.01,10.28,32.56,47.57,52.96,normal,3.4831,0.2957
S050_S037,S050,S037,17.093,31.97,9.48,30.65,44.47,49.41,normal,3.4225,0.2904
S037_S051,S037,S051,16.199,39.32,11.89,37.64,55.0,61.24,normal,3.628,0.2959
S051_S037,S051,S037,16.199,37.99,12.42,36.11,54.33,60.99,normal,3.5865,0.3187
S037_S052,S037,S052,4.742,16.24,4.04,15.76,21.58,23.59,heavy,2.7577,0.245
S052_S037,S052,S037,4.742,15.68,4.12,15.17,21.13,23.2,heavy,2.7191,0.2585
S037_S053,S037,S053,8.623,24.73,8.54,23.38,35.95,40.6,heavy,3.1518,0.3356
S053_S037,S053,S037,8.623,23.65,8.38,22.29,34.64,39.24,heavy,3.1041,0.3439
S037_S055,S037,S055,6.518,7.97,1.88,7.76,10.45,11.37,light,2.049,0.2324
S055_S037,S055,S037,6.518,8.48,1.99,8.25,11.11,12.08,light,2.1103,0.2318
S037_S056,S037,S056,12.187,24.21,5.41,23.62,31.35,33.97,heavy,3.1623,0.2208
S056_S037,S056,S037,12.187,26.14,5.4,25.6,33.27,35.83,heavy,3.2425,0.2045
S037_S057,S037,S057,2.551,5.4,1.28,5.25,7.09,7.72,light,1.6587,0.2344
S057_S037,S057,S037,2.551,5.07,1.26,4.92,6.73,7.35,light,1.5935,0.244
S037_S058,S037,S058,10.13,16.93,5.85,16.0,24.61,27.8,normal,2.7727,0.3358
S058_S037,S058,S037,10.13,18.08,6.41,17.04,26.49,30.01,normal,2.8358,0.344
S037_S060,S037,S060,15.605,40.19,13.87,38.0,58.41,65.97,normal,3.6375,0.3354
S060_S037,S060,S037,15.605,38.27,14.82,35.68,57.63,66.01,normal,3.5747,0.3739
S037_S062,S037,S062,1.158,3.12,0.61,3.06,3.93,4.22,heavy,1.1185,0.1947
S062_S037,S062,S037,1.158,3.23,0.59,3.18,4.0,4.27,heavy,1.1567,0.1799
S037_S063,S037,S063,12.993,21.49,5.73,20.77,29.05,31.95,normal,3.0335,0.2618
S063_S037,S063,S037,12.993,22.38,6.07,21.59,30.39,33.47,normal,3.0724,0.2665
S037_S065,S037,S065,15.24,22.38,4.95,21.85,28.91,31.3,normal,3.0841,0.2186
S065_S037,S065,S037,15.24,22.75,4.86,22.24,29.16,31.48,normal,3.1021,0.2111
S037_S066,S037,S066,15.09,28.57,5.88,27.98,36.33,39.12,normal,3.3316,0.2036
S066_S037,S066,S037,15.09,26.78,5.59,26.21,34.15,36.81,normal,3.2663,0.2064
S037_S067,S037,S067,1.891,3.55,0.98,3.42,4.84,5.34,normal,1.2307,0.2706
S067_S037,S067,S037,1.891,3.28,1.03,3.13,4.63,5.18,normal,1.1426,0.305
S037_S068,S037,S068,9.188,12.14,3.03,11.78,16.14,17.65,light,2.4661,0.2459
S068_S037,S068,S037,9.188,13.05,2.96,12.73,16.96,18.4,light,2.5441,0.2238
S037_S070,S037,S070,7.299,10.46,1.89,10.29,12.95,13.82,light,2.3316,0.1791
S070_S037,S070,S037,7.299,10.9,1.95,10.73,13.47,14.36,light,2.3727,0.1775
S037_S071,S037,S071,10.165,18.83,4.68,18.27,25.0,27.32,normal,2.9052,0.2447
S071_S037,S071,S037,10.165,17.93,4.83,17.31,24.3,26.75,normal,2.8513,0.2646
S037_S072,S037,S072,3.985,7.52,1.52,7.37,9.53,10.24,normal,1.9972,0.2003
S072_S037,S072,S037,3.985,7.89,1.53,7.75,9.91,10.63,normal,2.0471,0.1926
S037_S073,S037,S073,11.208,30.08,9.11,28.79,42.09,46.87,normal,3.3601,0.2962
S073_S037,S073,S037,11.208,31.91,8.42,30.86,43.03,47.27,normal,3.4294,0.2593
S037_S075,S037,S075,14.367,27.81,8.91,26.48,39.54,44.29,normal,3.2763,0.3128
S075_S037,S075,S037,14.367,27.63,8.08,26.51,38.28,42.48,normal,3.2777,0.2865
S038_S039,S038,S039,13.221,23.94,7.71,22.79,34.09,38.21,normal,3.1263,0.3142
S039_S038,S039,S038,13.221,25.42,7.19,24.45,34.91,38.61,normal,3.1968,0.2776
S038_S041,S038,S041,9.902,26.2,5.57,25.63,33.55,36.22,heavy,3.2437,0.2102
S041_S038,S041,S038,9.902,26.15,5.13,25.66,32.92,35.32,heavy,3.2448,0.1944
S038_S042,S038,S042,14.22,24.03,6.78,23.13,32.98,36.46,normal,3.1412,0.2766
S042_S038,S042,S038,14.22,24.19,6.74,23.3,33.08,36.53,normal,3.1484,0.2734
S038_S043,S038,S043,3.98,6.11,1.11,6.01,7.56,8.07,light,1.793,0.1798
S043_S038,S043,S038,3.98,6.0,1.11,5.9,7.46,7.97,light,1.775,0.1827
S038_S044,S038,S044,8.788,12.73,3.48,12.28,17.33,19.1,normal,2.508,0.2685
S044_S038,S044,S038,8.788,13.27,3.33,12.88,17.67,19.33,normal,2.5553,0.2471
S038_S046,S038,S046,7.709,19.91,5.34,19.23,26.96,29.67,normal,2.9567,0.2635
S046_S038,S046,S038,7.709,20.99,5.18,20.37,27.83,30.39,normal,3.0143,0.2431
S038_S047,S038,S047,17.228,28.06,4.36,27.72,33.8,35.75,normal,3.3223,0.1545
S047_S038,S047,S038,17.228,27.35,4.01,27.06,32.62,34.39,normal,3.2979,0.1458
S038_S048,S038,S048,4.147,8.61,1.91,8.4,11.13,12.04,normal,2.1287,0.2188
S048_S038,S048,S038,4.147,8.0,1.81,7.8,10.39,11.26,normal,2.0541,0.2234
S038_S049,S038,S049,8.921,17.04,3.62,16.67,21.83,23.56,light,2.8138,0.2101
S049_S038,S049,S038,8.921,18.16,3.31,17.87,22.52,24.05,light,2.8831,0.1805
S038_S052,S038,S052,14.818,42.72,9.29,41.74,54.99,59.45,heavy,3.7315,0.215
S052_S038,S052,S038,14.818,42.98,8.43,42.17,54.1,58.06,heavy,3.7418,0.1943
S038_S053,S038,S053,7.768,17.9,4.2,17.42,23.44,25.5,heavy,2.8579,0.2314
S053_S038,S053,S038,7.768,17.23,4.36,16.7,22.99,25.16,heavy,2.8155,0.2492
S038_S054,S038,S054,5.712,13.7,4.76,12.95,19.95,22.55,heavy,2.5609,0.3373
S054_S038,S054,S038,5.712,13.86,4.59,13.16,19.89,22.36,heavy,2.5769,0.3225
S038_S056,S038,S056,6.579,16.48,4.08,16.0,21.87,23.9,normal,2.7723,0.244
S056_S038,S056,S038,6.579,16.05,4.08,15.55,21.44,23.48,normal,2.7441,0.2505
S038_S057,S038,S057,14.843,23.88,5.2,23.33,30.75,33.25,normal,3.1498,0.2154
S057_S038,S057,S038,14.843,23.11,5.69,22.44,30.63,33.45,normal,3.1109,0.2426
S038_S058,S038,S058,6.612,12.95,3.59,12.48,17.69,19.53,light,2.5243,0.272
S058_S038,S058,S038,6.612,13.66,3.61,13.2,18.43,20.26,light,2.5805,0.2602
S038_S059,S038,S059,14.277,30.87,4.92,30.49,37.36,39.57,normal,3.4173,0.1585
S059_S038,S059,S038,14.277,30.39,4.65,30.04,36.52,38.59,normal,3.4025,0.1523
S038_S062,S038,S062,13.981,22.76,3.83,22.44,27.81,29.55,normal,3.111,0.1672
S062_S038,S062,S038,13.981,21.28,3.71,20.97,26.17,27.87,normal,3.043,0.1729
S038_S063,S038,S063,2.05,7.11,2.21,6.79,10.02,11.18,heavy,1.9159,0.3031
S063_S038,S063,S038,2.05,7.03,2.14,6.73,9.85,10.97,heavy,1.9059,0.2976
S038_S064,S038,S064,10.176,25.94,8.17,24.75,36.7,41.03,normal,3.2087,0.3073
S064_S038,S064,S038,10.176,27.21,8.06,26.09,37.83,42.03,normal,3.2614,0.2899
S038_S066,S038,S066,10.92,19.98,3.8,19.62,24.98,26.75,normal,2.9768,0.1883
S066_S038,S066,S038,10.92,19.18,3.81,18.81,24.21,26.0,normal,2.9346,0.1966
S038_S067,S038,S067,16.767,38.33,9.95,37.1,51.47,56.47,heavy,3.6137,0.2553
S067_S038,S067,S038,16.767,39.11,9.98,37.9,52.3,57.29,heavy,3.635,0.2511
S038_S068,S038,S068,5.945,18.71,4.68,18.16,24.89,27.22,heavy,2.899,0.2461
S068_S038,S068,S038,5.945,18.02,4.8,17.41,24.36,26.8,heavy,2.8571,0.2621
S038_S069,S038,S069,10.58,16.63,5.33,15.83,23.64,26.48,normal,2.7621,0.3127
S069_S038,S069,S038,10.58,17.78,5.57,16.97,25.12,28.07,normal,2.8315,0.306
S038_S071,S038,S071,13.526,34.98,6.65,34.37,43.76,46.85,normal,3.5371,0.1884
S071_S038,S071,S038,13.526,33.01,6.19,32.45,41.17,44.05,normal,3.4796,0.1858
S038_S072,S038,S072,11.46,19.26,4.05,18.85,24.6,26.53,normal,2.9363,0.2078
S072_S038,S072,S038,11.46,18.98,4.34,18.5,24.71,26.82,normal,2.918,0.2256
S038_S073,S038,S073,6.006,12.09,3.35,11.66,16.51,18.22,heavy,2.4558,0.2717
S073_S038,S073,S038,6.006,11.64,3.2,11.23,15.87,17.51,heavy,2.4182,0.2703
S038_S074,S038,S074,12.59,40.45,11.62,38.88,55.79,61.79,heavy,3.6604,0.2817
S074_S038,S074,S038,12.59,39.84,10.73,38.47,54.0,59.44,heavy,3.6499,0.2645
S039_S040,S039,S040,14.949,34.71,6.91,34.05,43.84,47.09,normal,3.5277,0.1972
S040_S039,S040,S039,14.949,34.51,6.99,33.82,43.74,47.05,normal,3.5212,0.2006
S039_S043,S039,S043,13.574,35.79,10.0,34.47,48.99,54.11,heavy,3.54,0.2742
S043_S039,S043,S039,13.574,34.08,9.54,32.82,46.68,51.58,heavy,3.491,0.2748
S039_S044,S039,S044,5.76,15.3,4.71,14.63,21.51,24.0,normal,2.6828,0.301
S044_S039,S044,S039,5.76,15.69,4.41,15.11,21.51,23.77,normal,2.7153,0.2755
S039_S048,S039,S048,13.037,20.03,6.87,18.95,29.05,32.79,normal,2.9417,0.3333
S048_S039,S048,S039,13.037,20.94,6.26,20.06,29.18,32.45,normal,2.9987,0.2924
S039_S049,S039,S049,6.021,9.05,1.92,8.85,11.59,12.51,normal,2.1803,0.2104
S049_S039,S049,S039,6.021,9.58,2.08,9.36,12.32,13.32,normal,2.2365,0.2146
S039_S050,S039,S050,15.017,29.89,6.66,29.18,38.69,41.9,normal,3.3735,0.22
S050_S039,S050,S039,15.017,31.74,6.52,31.09,40.35,43.44,normal,3.4369,0.2033
S039_S054,S039,S054,7.761,12.0,3.82,11.44,17.04,19.07,normal,2.4368,0.3109
S054_S039,S054,S039,7.761,11.26,4.0,10.61,16.51,18.71,normal,2.3615,0.345
S039_S059,S039,S059,1.658,2.45,0.62,2.37,3.27,3.58,normal,0.8634,0.2504
S059_S039,S059,S039,1.658,2.45,0.57,2.38,3.2,3.48,normal,0.8676,0.2306
S039_S063,S039,S063,14.419,25.45,7.75,24.34,35.67,39.74,normal,3.1923,0.2979
S063_S039,S063,S039,14.419,24.75,7.88,23.58,35.13,39.33,normal,3.1606,0.3108
S039_S064,S039,S064,8.791,17.7,5.3,16.96,24.7,27.47,normal,2.8306,0.2933
S064_S039,S064,S039,8.791,18.93,5.01,18.3,25.54,28.07,normal,2.9071,0.2599
S039_S065,S039,S065,10.612,26.38,5.09,25.9,33.1,35.47,normal,3.2544,0.1911
S065_S039,S065,S039,10.612,26.12,4.84,25.69,32.5,34.74,normal,3.246,0.1836
S039_S068,S039,S068,14.332,25.45,6.31,24.7,33.79,36.92,normal,3.2068,0.2444
S068_S039,S068,S039,14.332,26.26,5.82,25.64,33.95,36.76,normal,3.2441,0.2191
S039_S069,S039,S069,3.459,6.31,1.54,6.13,8.35,9.11,normal,1.8124,0.2414
S069_S039,S069,S039,3.459,6.77,1.66,6.58,8.97,9.79,normal,1.8838,0.2418
S039_S070,S039,S070,14.452,21.29,4.74,20.78,27.54,29.83,normal,3.0338,0.2199
S070_S039,S070,S039,14.452,20.83,4.56,20.35,26.85,29.04,normal,3.0133,0.2161
S039_S074,S039,S074,1.818,2.66,0.88,2.52,3.81,4.29,light,0.9249,0.3225
S074_S039,S074,S039,1.818,2.8,0.91,2.66,4.0,4.48,light,0.9801,0.316
S039_S075,S039,S075,14.377,21.13,6.09,20.31,29.17,32.32,normal,3.011,0.2824
S075_S039,S075,S039,14.377,20.25,6.15,19.38,28.36,31.59,normal,2.9642,0.2971
S040_S042,S040,S042,2.561,5.45,1.86,5.16,7.9,8.91,normal,1.6406,0.3323
S042_S040,S042,S040,2.561,5.8,1.93,5.51,8.34,9.38,normal,1.7058,0.3242
S040_S044,S040,S044,10.345,18.98,3.74,18.62,23.92,25.68,normal,2.9244,0.1954
S044_S040,S044,S040,10.345,18.64,4.05,18.22,23.99,25.94,normal,2.9024,0.2148
S040_S045,S040,S045,6.199,12.46,4.3,11.77,18.11,20.46,normal,2.4657,0.3359
S045_S040,S045,S040,6.199,12.06,4.68,11.24,18.17,20.82,normal,2.4196,0.3746
S040_S047,S040,S047,8.892,14.37,3.01,14.06,18.34,19.77,normal,2.6435,0.2072
S047_S040,S047,S040,8.892,15.32,3.09,15.02,19.4,20.86,normal,2.7095,0.1996
S040_S049,S040,S049,9.91,20.28,6.15,19.4,28.38,31.61,heavy,2.9654,0.2967
S049_S040,S049,S040,9.91,21.22,5.87,20.45,28.97,31.97,heavy,3.0178,0.2717
S040_S050,S040,S050,8.559,29.37,8.98,28.09,41.21,45.94,heavy,3.3353,0.2991
S050_S040,S050,S040,8.559,29.24,8.83,27.99,40.87,45.5,heavy,3.3318,0.2954
S040_S052,S040,S052,13.182,27.5,8.07,26.39,38.15,42.34,heavy,3.273,0.2874
S052_S040,S052,S040,13.182,28.93,8.39,27.79,40.0,44.35,heavy,3.3245,0.2842
S040_S054,S040,S054,11.739,21.92,4.83,21.41,28.31,30.64,normal,3.0639,0.2178
S054_S040,S054,S040,11.739,22.73,4.88,22.22,29.17,31.51,normal,3.1011,0.2122
S040_S055,S040,S055,4.583,8.19,2.37,7.87,11.31,12.54,light,2.0629,0.2833
S055_S040,S055,S040,4.583,8.38,2.22,8.1,11.3,12.42,light,2.0915,0.2603
S040_S057,S040,S057,6.482,10.71,2.98,10.32,14.64,16.17,light,2.3338,0.2731
S057_S040,S057,S040,6.482,10.54,3.06,10.12,14.57,16.15,light,2.3147,0.2841
S040_S059,S040,S059,14.363,41.15,6.85,40.59,50.17,53.27,heavy,3.7035,0.1653
S059_S040,S059,S040,14.363,39.5,7.14,38.87,48.91,52.2,heavy,3.6602,0.1793
S040_S060,S040,S060,8.41,13.51,3.78,13.01,18.5,20.44,normal,2.5657,0.2746
S060_S040,S060,S040,8.41,14.26,3.92,13.75,19.44,21.44,normal,2.621,0.27
S040_S062,S040,S062,9.285,19.87,4.25,19.43,25.48,27.51,heavy,2.9667,0.2115
S062_S040,S062,S040,9.285,21.06,3.94,20.7,26.25,28.08,heavy,3.03,0.1854
S040_S064,S040,S064,6.49,15.29,4.11,14.77,20.71,22.79,normal,2.6923,0.2639
S064_S040,S064,S040,6.49,16.02,3.86,15.58,21.12,23.02,normal,2.7457,0.2375
S040_S065,S040,S065,6.428,17.19,3.2,16.9,21.42,22.9,heavy,2.8272,0.1848
S065_S040,S065,S040,6.428,18.41,3.45,18.1,22.97,24.57,heavy,2.8958,0.1858
S040_S067,S040,S067,9.922,22.47,7.63,21.28,32.5,36.65,normal,3.0578,0.3304
S067_S040,S067,S040,9.922,23.94,8.36,22.6,34.9,39.48,normal,3.1179,0.3391
S040_S069,S040,S069,11.917,37.18,10.79,35.7,51.41,57.0,heavy,3.5752,0.2844
S069_S040,S069,S040,11.917,34.5,11.05,32.85,49.04,54.93,heavy,3.4921,0.3124
S040_S070,S040,S070,4.482,7.91,1.42,7.78,9.78,10.44,normal,2.0519,0.1784
S070_S040,S070,S040,4.482,7.49,1.44,7.36,9.39,10.07,normal,1.9954,0.1907
S040_S072,S040,S072,10.071,27.12,6.92,26.27,36.26,39.72,normal,3.2686,0.2512
S072_S040,S072,S040,10.071,28.54,6.91,27.74,37.66,41.07,normal,3.3227,0.2387
S040_S074,S040,S074,13.14,29.76,5.67,29.24,37.25,39.89,normal,3.3754,0.1889
S074_S040,S074,S040,13.14,28.75,5.67,28.21,36.23,38.89,normal,3.3397,0.1952
S040_S075,S040,S075,5.742,14.0,4.5,13.33,19.93,22.33,normal,2.5902,0.3134
S075_S040,S075,S040,5.742,15.11,4.3,14.53,20.79,23.01,normal,2.6765,0.2792
S041_S042,S041,S042,11.878,20.05,4.69,19.53,26.24,28.53,normal,2.9717,0.2306
S042_S041,S042,S041,11.878,20.99,4.24,20.57,26.59,28.6,normal,3.024,0.2002
S041_S043,S041,S043,7.633,14.89,2.93,14.61,18.76,20.14,heavy,2.6816,0.1952
S043_S041,S043,S041,7.633,15.86,2.86,15.61,19.63,20.95,heavy,2.7478,0.1788
S041_S046,S041,S046,2.255,3.22,0.78,3.13,4.25,4.64,light,1.1419,0.2382
S046_S041,S046,S041,2.255,3.21,0.84,3.1,4.31,4.73,light,1.1324,0.2566
S041_S047,S041,S047,10.721,20.93,4.8,20.4,27.28,29.61,heavy,3.0155,0.2266
S047_S041,S047,S041,10.721,21.64,5.0,21.09,28.25,30.69,heavy,3.0487,0.2282
S041_S048,S041,S048,8.128,11.29,2.27,11.07,14.29,15.36,light,2.404,0.1993
S048_S041,S048,S041,8.128,11.39,2.07,11.21,14.12,15.07,light,2.4167,0.1801
S041_S051,S041,S051,10.585,15.64,3.82,15.19,20.68,22.57,normal,2.7206,0.2407
S051_S041,S051,S041,10.585,16.88,4.15,16.39,22.36,24.42,normal,2.7966,0.2425
S041_S052,S041,S052,5.535,6.83,1.84,6.59,9.26,10.19,light,1.8858,0.2649
S052_S041,S052,S041,5.535,6.29,1.84,6.03,8.72,9.68,light,1.7973,0.2871
S041_S053,S041,S053,2.231,4.52,1.56,4.27,6.57,7.42,normal,1.4522,0.3358
S053_S041,S053,S041,2.231,4.25,1.68,3.96,6.45,7.41,normal,1.3751,0.3816
S041_S056,S041,S056,4.64,12.2,2.27,11.99,15.19,16.24,normal,2.4843,0.1843
S056_S041,S056,S041,4.64,12.21,2.46,11.96,15.45,16.62,normal,2.4819,0.1997
S041_S057,S041,S057,9.698,14.71,2.59,14.49,18.13,19.32,normal,2.6732,0.175
S057_S041,S057,S041,9.698,15.21,2.56,14.99,18.58,19.74,normal,2.7077,0.1672
S041_S058,S041,S058,3.334,7.35,1.56,7.19,9.42,10.16,normal,1.973,0.2103
S058_S041,S058,S041,3.334,7.35,1.71,7.16,9.61,10.45,normal,1.9686,0.2298
S041_S061,S041,S061,12.417,26.97,5.99,26.33,34.89,37.78,normal,3.2708,0.2194
S061_S041,S061,S041,12.417,26.04,6.44,25.27,34.55,37.74,normal,3.2298,0.2438
S041_S062,S041,S062,6.93,12.14,3.67,11.62,16.97,18.9,normal,2.4525,0.2957
S062_S041,S062,S041,6.93,12.17,3.62,11.66,16.94,18.83,normal,2.4565,0.2913
S041_S063,S041,S063,7.887,25.25,7.51,24.2,35.15,39.07,heavy,3.1865,0.2911
S063_S041,S063,S041,7.887,26.32,6.98,25.43,35.54,39.07,heavy,3.2361,0.2609
S041_S066,S041,S066,7.054,14.63,4.12,14.08,20.06,22.18,heavy,2.6448,0.2761
S066_S041,S066,S041,7.054,13.58,3.83,13.07,18.63,20.6,heavy,2.5705,0.2765
S041_S067,S041,S067,9.53,21.5,3.38,21.24,25.94,27.46,normal,3.0557,0.1562
S067_S041,S067,S041,9.53,20.34,3.36,20.07,24.76,26.28,normal,2.9992,0.1639
S041_S068,S041,S068,6.913,23.02,7.58,21.87,32.99,37.06,heavy,3.0851,0.3206
S068_S041,S068,S041,6.913,21.33,7.36,20.17,31.0,35.01,heavy,3.004,0.3353
S041_S071,S041,S071,4.267,9.55,2.36,9.27,12.67,13.84,heavy,2.2271,0.2434
S071_S041,S071,S041,4.267,8.96,2.46,8.64,12.21,13.47,heavy,2.1563,0.27
S041_S072,S041,S072,4.264,10.25,2.25,10.01,13.23,14.31,normal,2.3037,0.2173
S072_S041,S072,S041,4.264,10.85,2.11,10.65,13.64,14.63,normal,2.366,0.1926
S041_S073,S041,S073,4.216,9.97,2.51,9.67,13.29,14.54,normal,2.2691,0.2479
S073_S041,S073,S041,4.216,10.07,2.59,9.76,13.5,14.8,normal,2.2778,0.2532
S042_S043,S042,S043,10.332,31.88,11.15,30.1,46.52,52.62,heavy,3.4045,0.3396
S043_S042,S043,S042,10.332,32.02,11.3,30.19,46.85,53.06,heavy,3.4075,0.3428
S042_S045,S042,S045,4.43,11.83,1.96,11.67,14.41,15.3,heavy,2.4573,0.1643
S045_S042,S045,S042,4.43,12.17,2.11,11.99,14.95,15.91,heavy,2.4839,0.172
S042_S046,S042,S046,11.272,30.03,8.6,28.87,41.37,45.81,normal,3.3629,0.2806
S046_S042,S046,S042,11.272,28.22,8.38,27.05,39.27,43.64,normal,3.2977,0.2907
S042_S047,S042,S047,6.381,9.43,1.62,9.3,11.56,12.3,normal,2.2298,0.17
S047_S042,S047,S042,6.381,8.91,1.48,8.79,10.86,11.53,normal,2.1737,0.1649
S042_S048,S042,S048,10.079,15.66,4.41,15.07,21.49,23.75,normal,2.7129,0.2765
S048_S042,S048,S042,10.079,15.98,4.21,15.45,21.54,23.67,normal,2.7379,0.2591
S042_S050,S042,S050,10.831,24.95,5.39,24.39,32.07,34.65,heavy,3.1942,0.2134
S050_S042,S050,S042,10.831,25.58,5.87,24.93,33.34,36.2,heavy,3.216,0.2267
S042_S052,S042,S052,10.782,22.7,6.73,21.76,31.57,35.08,normal,3.0803,0.2901
S052_S042,S052,S042,10.782,24.18,7.13,23.19,33.58,37.28,normal,3.1438,0.2886
S042_S053,S042,S053,11.158,27.23,8.79,25.91,38.79,43.49,normal,3.2548,0.3147
S053_S042,S053,S042,11.158,26.28,9.31,24.78,38.5,43.62,normal,3.2099,0.3438
S042_S055,S042,S055,2.983,6.55,1.7,6.34,8.8,9.65,heavy,1.8473,0.2552
S055_S042,S055,S042,2.983,6.13,1.62,5.92,8.26,9.08,heavy,1.7788,0.2595
S042_S056,S042,S056,14.454,32.36,9.84,30.96,45.33,50.5,normal,3.4326,0.2975
S056_S042,S056,S042,14.454,30.23,10.54,28.55,44.07,49.83,normal,3.3516,0.3386
S042_S057,S042,S057,3.922,9.32,2.85,8.91,13.07,14.57,normal,2.1872,0.2991
S057_S042,S057,S042,3.922,9.54,3.11,9.07,13.63,15.29,normal,2.2047,0.3178
S042_S058,S042,S058,12.26,29.33,6.15,28.7,37.45,40.38,normal,3.357,0.2075
S058_S042,S058,S042,12.26,30.43,6.67,29.73,39.24,42.45,normal,3.3921,0.2166
S042_S060,S042,S060,9.975,14.94,4.04,14.42,20.27,22.33,normal,2.6684,0.2659
S060_S042,S060,S042,9.975,15.33,4.31,14.76,21.02,23.23,normal,2.6918,0.2759
S042_S062,S042,S062,6.835,17.17,4.26,16.66,22.79,24.9,heavy,2.8131,0.2442
S062_S042,S062,S042,6.835,17.1,4.31,16.58,22.79,24.94,heavy,2.8084,0.2481
S042_S063,S042,S063,12.886,25.38,7.65,24.3,35.46,39.47,normal,3.1906,0.2948
S063_S042,S063,S042,12.886,25.84,7.55,24.81,35.8,39.72,normal,3.2112,0.2861
S042_S065,S042,S065,8.982,17.66,2.79,17.44,21.33,22.58,normal,2.8588,0.1571
S065_S042,S065,S042,8.982,18.99,2.89,18.78,22.8,24.08,normal,2.9327,0.1513
S042_S067,S042,S067,7.364,17.07,5.0,16.38,23.65,26.25,heavy,2.796,0.2867
S067_S042,S067,S042,7.364,17.14,5.14,16.42,23.92,26.61,heavy,2.7983,0.2936
S042_S068,S042,S068,8.504,18.32,4.46,17.79,24.21,26.41,light,2.8789,0.2401
S068_S042,S068,S042,8.504,19.51,4.44,19.02,25.38,27.53,light,2.9456,0.2248
S042_S070,S042,S070,3.998,9.61,1.69,9.46,11.83,12.6,normal,2.2472,0.1742
S070_S042,S070,S042,3.998,10.13,1.69,9.99,12.36,13.13,normal,2.3018,0.1661
S042_S071,S042,S071,15.274,44.33,7.07,43.78,53.64,56.82,heavy,3.7791,0.1585
S071_S042,S071,S042,15.274,47.29,7.09,46.77,56.62,59.77,heavy,3.8452,0.1491
S042_S072,S042,S072,7.98,20.07,4.67,19.54,26.23,28.51,heavy,2.9726,0.2295
S072_S042,S072,S042,7.98,20.58,4.73,20.06,26.83,29.13,heavy,2.9986,0.2269
S042_S073,S042,S073,13.157,39.37,7.91,38.6,49.82,53.55,heavy,3.6532,0.199
S073_S042,S073,S042,13.157,41.06,7.15,40.46,50.49,53.76,heavy,3.7002,0.1728
S042_S075,S042,S075,8.054,13.13,3.18,12.76,17.33,18.91,normal,2.5462,0.2391
S075_S042,S075,S042,8.054,13.85,2.9,13.56,17.67,19.05,normal,2.6068,0.2068
S043_S044,S043,S044,8.099,16.02,4.66,15.39,22.17,24.59,normal,2.7335,0.285
S044_S043,S044,S043,8.099,16.25,4.62,15.63,22.34,24.72,normal,2.7491,0.2788
S043_S046,S043,S046,5.424,9.19,2.53,8.86,12.53,13.82,normal,2.182,0.2698
S046_S043,S046,S043,5.424,8.96,2.74,8.57,12.57,14.01,normal,2.1481,0.2987
S043_S047,S043,S047,13.33,28.27,5.43,27.76,35.44,37.97,heavy,3.3235,0.1905
S047_S043,S047,S043,13.33,29.38,5.55,28.87,36.7,39.28,heavy,3.3629,0.1871
S043_S048,S043,S048,0.598,0.77,0.13,0.76,0.95,1.01,light,-0.2713,0.17
S048_S043,S048,S043,0.598,0.71,0.12,0.7,0.87,0.93,light,-0.3537,0.1705
S043_S049,S043,S049,8.028,25.57,6.27,24.83,33.85,36.96,heavy,3.212,0.2418
S049_S043,S049,S043,8.028,27.08,6.86,26.25,36.13,39.56,heavy,3.2675,0.2494
S043_S051,S043,S051,17.64,31.1,7.69,30.19,41.26,45.07,normal,3.4074,0.2437
S051_S043,S051,S043,17.64,32.65,7.87,31.74,43.05,46.93,normal,3.4577,0.2376
S043_S052,S043,S052,11.686,19.58,6.71,18.52,28.39,32.04,normal,2.9189,0.3332
S052_S043,S052,S043,11.686,19.25,6.44,18.25,27.72,31.2,normal,2.9044,0.3259
S043_S053,S043,S053,5.423,11.29,1.72,11.16,13.56,14.33,light,2.4122,0.1519
S053_S043,S053,S043,5.423,11.86,1.79,11.73,14.22,15.01,light,2.4618,0.1503
S043_S054,S043,S054,5.967,18.76,2.91,18.54,22.6,23.9,heavy,2.9198,0.1544
S054_S043,S054,S043,5.967,19.21,3.0,18.97,23.16,24.5,heavy,2.9431,0.1554
S043_S056,S043,S056,6.303,12.31,3.39,11.87,16.79,18.51,normal,2.4741,0.2702
S056_S043,S056,S043,6.303,11.5,3.57,10.98,16.2,18.09,normal,2.396,0.3035
S043_S057,S043,S057,10.883,35.31,8.28,34.38,46.24,50.29,heavy,3.5375,0.2312
S057_S043,S057,S043,10.883,33.43,7.7,32.57,43.6,47.35,heavy,3.4835,0.2274
S043_S058,S043,S058,5.0,11.23,3.85,10.63,16.29,18.39,heavy,2.3634,0.3333
S058_S043,S058,S043,5.0,10.37,3.81,9.73,15.36,17.48,heavy,2.2757,0.356
S043_S059,S043,S059,14.222,31.78,6.64,31.11,40.54,43.7,normal,3.4374,0.2067
S059_S043,S059,S043,14.222,29.49,5.99,28.9,37.4,40.22,normal,3.364,0.2009
S043_S062,S043,S062,10.257,17.78,5.2,17.07,24.64,27.35,normal,2.8371,0.2866
S062_S043,S062,S043,10.257,18.77,5.45,18.03,25.96,28.78,normal,2.892,0.2844
S043_S063,S043,S063,2.606,4.61,1.2,4.46,6.2,6.8,normal,1.4955,0.2566
S063_S043,S063,S043,2.606,4.27,1.18,4.12,5.82,6.43,normal,1.4147,0.271
S043_S064,S043,S064,7.873,19.76,5.83,18.96,27.45,30.48,heavy,2.9421,0.2888
S064_S043,S064,S043,7.873,18.92,5.32,18.21,25.93,28.66,heavy,2.902,0.2757
S043_S066,S043,S066,11.247,30.15,8.0,29.14,40.71,44.76,normal,3.3722,0.2608
S066_S043,S066,S043,11.247,28.05,8.63,26.81,39.41,43.96,normal,3.2886,0.3007
S043_S067,S043,S067,12.972,25.65,6.28,24.92,33.94,37.04,normal,3.2155,0.2411
S067_S043,S067,S043,12.972,26.16,6.46,25.39,34.69,37.89,normal,3.2345,0.2433
S043_S068,S043,S068,1.971,3.82,0.91,3.72,5.01,5.46,normal,1.3124,0.234
S068_S043,S068,S043,1.971,3.69,0.85,3.59,4.81,5.23,normal,1.2794,0.2275
S043_S069,S043,S069,10.341,29.01,5.7,28.46,36.53,39.2,heavy,3.3486,0.1946
S069_S043,S069,S043,10.341,29.41,5.91,28.84,37.21,40.0,heavy,3.3617,0.1989
S043_S071,S043,S071,11.79,17.5,5.61,16.66,24.88,27.87,normal,2.813,0.3129
S071_S043,S071,S043,11.79,17.93,5.2,17.23,24.79,27.48,normal,2.8464,0.2839
S043_S072,S043,S072,7.975,23.18,6.77,22.25,32.12,35.63,heavy,3.1023,0.2863
S072_S043,S072,S043,7.975,24.42,7.01,23.47,33.66,37.28,heavy,3.1556,0.2814
S043_S073,S043,S073,5.093,8.33,2.57,7.96,11.72,13.08,normal,2.074,0.3022
S073_S043,S073,S043,5.093,8.49,2.46,8.15,11.74,13.01,normal,2.0985,0.2842
S043_S074,S043,S074,12.455,27.28,7.73,26.24,37.48,41.46,heavy,3.2674,0.278
S074_S043,S074,S043,12.455,25.85,7.2,24.9,35.35,39.04,heavy,3.215,0.2733
S044_S045,S044,S045,16.267,30.65,9.46,29.29,43.12,48.11,normal,3.3771,0.3017
S045_S044,S045,S044,16.267,29.69,8.91,28.43,41.43,46.1,normal,3.3476,0.2937
S044_S048,S044,S048,7.525,19.68,3.02,19.45,23.66,25.01,normal,2.968,0.1527
S048_S044,S048,S044,7.525,19.23,2.82,19.03,22.94,24.18,normal,2.9459,0.1457
S044_S049,S044,S049,0.441,0.58,0.19,0.55,0.84,0.94,light,-0.5893,0.3205
S049_S044,S049,S044,0.441,0.61,0.19,0.59,0.86,0.96,light,-0.534,0.2967
S044_S050,S044,S050,13.408,33.14,6.47,32.52,41.68,44.71,normal,3.4819,0.1935
S050_S044,S050,S044,13.408,31.67,6.16,31.09,39.8,42.69,normal,3.4369,0.1927
S044_S053,S044,S053,13.384,37.63,8.32,36.74,48.62,52.63,heavy,3.604,0.2184
S053_S044,S053,S044,13.384,39.26,8.41,38.39,50.37,54.4,heavy,3.6477,0.2119
S044_S054,S044,S054,3.185,4.07,1.3,3.87,5.79,6.48,light,1.3544,0.3129
S054_S044,S054,S044,3.185,4.2,1.42,3.98,6.06,6.83,light,1.3821,0.3279
S044_S055,S044,S055,14.709,38.74,9.35,37.65,51.09,55.7,heavy,3.6284,0.238
S055_S044,S055,S044,14.709,41.68,9.88,40.55,54.73,59.57,heavy,3.7026,0.2338
S044_S058,S044,S058,13.099,31.03,9.98,29.54,44.17,49.5,heavy,3.3857,0.3138
S058_S044,S058,S044,13.099,32.64,9.07,31.45,44.61,49.25,heavy,3.4483,0.2727
S044_S059,S044,S059,6.158,15.33,4.23,14.77,20.91,23.07,normal,2.6928,0.2709
S059_S044,S059,S044,6.158,16.33,3.94,15.88,21.54,23.48,normal,2.765,0.2378
S044_S060,S044,S060,16.076,34.64,8.26,33.7,45.55,49.6,normal,3.5175,0.235
S060_S044,S060,S044,16.076,34.64,8.87,33.55,46.35,50.79,normal,3.5131,0.252
S044_S063,S044,S063,9.449,22.6,5.03,22.06,29.25,31.68,normal,3.0937,0.2201
S063_S044,S063,S044,9.449,21.24,4.73,20.73,27.49,29.78,normal,3.0315,0.2202
S044_S064,S044,S064,3.866,4.76,1.45,4.56,6.67,7.43,light,1.5168,0.2972
S064_S044,S064,S044,3.866,4.57,1.54,4.33,6.59,7.42,light,1.4658,0.3274
S044_S065,S044,S065,8.336,14.75,3.7,14.3,19.64,21.48,light,2.6606,0.2472
S065_S044,S065,S044,8.336,14.2,3.86,13.7,19.3,21.26,light,2.6173,0.2672
S044_S068,S044,S068,8.63,17.09,4.71,16.47,23.31,25.72,normal,2.8018,0.2708
S068_S044,S068,S044,8.63,16.14,4.95,15.43,22.67,25.27,normal,2.7361,0.3001
S044_S069,S044,S069,2.325,6.19,1.21,6.07,7.78,8.35,heavy,1.8036,0.1938
S069_S044,S069,S044,2.325,6.1,1.19,5.99,7.67,8.23,heavy,1.7899,0.193
S044_S070,S044,S070,8.907,17.14,5.49,16.33,24.38,27.31,normal,2.7927,0.3127
S070_S044,S070,S044,8.907,18.36,5.43,17.61,25.52,28.35,normal,2.8683,0.2896
S044_S073,S044,S073,13.125,21.05,6.18,20.2,29.21,32.42,normal,3.0058,0.2875
S073_S044,S073,S044,13.125,22.55,5.67,21.87,30.04,32.86,normal,3.0851,0.2475
S044_S074,S044,S074,4.399,9.33,3.23,8.81,13.57,15.33,normal,2.1763,0.3366
S074_S044,S074,S044,4.399,9.23,3.16,8.73,13.38,15.1,normal,2.1668,0.3331
S044_S075,S044,S075,11.758,41.88,14.01,39.71,60.29,67.86,heavy,3.6817,0.3257
S075_S044,S075,S044,11.758,44.57,12.77,42.85,61.42,68.01,heavy,3.7577,0.2808
S045_S047,S045,S047,4.434,7.68,2.25,7.37,10.65,11.81,normal,1.9977,0.2867
S047_S045,S047,S045,4.434,7.58,2.42,7.22,10.77,12.06,normal,1.9772,0.3117
S045_S049,S045,S049,15.848,26.4,8.57,25.11,37.68,42.27,normal,3.2233,0.3166
S049_S045,S049,S045,15.848,27.43,9.27,25.98,39.61,44.64,normal,3.2574,0.329
S045_S050,S045,S050,12.294,33.29,6.86,32.61,42.34,45.59,normal,3.4845,0.2038
S050_S045,S050,S045,12.294,33.88,6.37,33.29,42.29,45.25,normal,3.5054,0.1865
S045_S052,S045,S052,10.927,21.8,6.08,21.0,29.82,32.93,normal,3.0444,0.2736
S052_S045,S052,S045,10.927,22.23,6.22,21.41,30.44,33.63,normal,3.0638,0.2745
S045_S054,S045,S054,17.118,33.3,7.29,32.53,42.94,46.45,normal,3.4822,0.2165
S054_S045,S054,S045,17.118,32.79,6.85,32.1,41.84,45.1,normal,3.4688,0.2068
S045_S055,S045,S055,1.616,3.46,0.54,3.42,4.18,4.42,normal,1.2287,0.1564
S055_S045,S055,S045,1.616,3.4,0.57,3.35,4.15,4.4,normal,1.2093,0.1661
S045_S057,S045,S057,4.19,6.35,1.61,6.15,8.48,9.29,normal,1.817,0.2501
S057_S045,S057,S045,4.19,6.06,1.62,5.85,8.19,9.01,normal,1.767,0.2623
S045_S060,S045,S060,9.917,21.07,4.6,20.58,27.14,29.35,normal,3.0245,0.2156
S060_S045,S060,S045,9.917,19.46,4.95,18.86,26.0,28.48,normal,2.937,0.2506
S045_S062,S045,S062,7.276,13.31,2.69,13.05,16.86,18.12,normal,2.5687,0.1997
S062_S045,S062,S045,7.276,13.79,2.95,13.49,17.69,19.1,normal,2.6019,0.2113
S045_S064,S045,S064,12.503,30.99,5.02,30.59,37.6,39.86,normal,3.4206,0.1609
S064_S045,S064,S045,12.503,29.8,5.03,29.38,36.42,38.7,normal,3.3804,0.1675
S045_S065,S045,S065,12.139,40.17,12.1,38.46,56.13,62.47,heavy,3.6497,0.2948
S065_S045,S065,S045,12.139,39.84,12.28,38.07,56.02,62.49,heavy,3.6395,0.3012
S045_S067,S045,S067,5.996,16.28,3.54,15.9,20.96,22.66,normal,2.7665,0.2153
S067_S045,S067,S045,5.996,17.07,3.89,16.64,22.21,24.1,normal,2.812,0.2251
S045_S070,S045,S070,8.216,14.8,4.87,14.06,21.2,23.82,normal,2.6432,0.3205
S070_S045,S070,S045,8.216,14.44,4.66,13.75,20.58,23.06,normal,2.6209,0.3145
S045_S072,S045,S072,9.627,15.32,4.49,14.7,21.24,23.58,normal,2.6881,0.287
S072_S045,S072,S045,9.627,15.85,4.51,15.24,21.8,24.12,normal,2.7242,0.2789
S045_S075,S045,S075,9.933,22.11,4.77,21.62,28.41,30.69,normal,3.0734,0.2131
S075_S045,S075,S045,9.933,23.25,4.63,22.81,29.37,31.55,normal,3.127,0.1974
S046_S047,S046,S047,11.383,28.5,8.33,27.36,39.5,43.83,normal,3.3091,0.2864
S047_S046,S047,S046,11.383,26.6,7.6,25.57,36.63,40.56,normal,3.2416,0.2803
S046_S048,S046,S048,5.944,12.11,2.97,11.76,16.03,17.5,heavy,2.4645,0.2417
S048_S046,S048,S046,5.944,11.29,3.07,10.89,15.35,16.91,heavy,2.388,0.2675
S046_S051,S046,S051,12.416,24.79,6.49,23.98,33.36,36.63,normal,3.1772,0.2575
S051_S046,S051,S046,12.416,26.26,6.6,25.47,34.98,38.26,normal,3.2375,0.2474
S046_S052,S046,S052,7.287,17.0,5.94,16.05,24.79,28.04,heavy,2.7754,0.3393
S052_S046,S052,S046,7.287,17.63,5.84,16.73,25.3,28.45,heavy,2.8174,0.3226
S046_S053,S046,S053,0.124,0.4,0.1,0.39,0.53,0.58,heavy,-0.9539,0.2473
S053_S046,S053,S046,0.124,0.41,0.09,0.4,0.53,0.58,heavy,-0.9147,0.2222
S046_S056,S046,S056,3.466,4.9,1.58,4.66,6.98,7.82,light,1.5392,0.3147
S056_S046,S056,S046,3.466,5.05,1.57,4.82,7.11,7.94,light,1.5734,0.303
S046_S057,S046,S057,9.825,26.02,4.72,25.61,32.25,34.43,normal,3.2429,0.1799
S057_S046,S057,S046,9.825,27.78,4.36,27.45,33.52,35.47,normal,3.3122,0.156
S046_S058,S046,S058,1.424,2.19,0.38,2.16,2.69,2.86,normal,0.7688,0.1708
S058_S046,S058,S046,1.424,2.21,0.34,2.19,2.66,2.82,normal,0.783,0.1536
S046_S061,S046,S061,13.671,32.72,7.34,31.93,42.42,45.97,normal,3.4636,0.2215
S061_S046,S061,S046,13.671,31.69,7.32,30.88,41.36,44.93,normal,3.4302,0.2279
S046_S062,S046,S062,7.623,16.33,2.91,16.07,20.17,21.5,heavy,2.7771,0.177
S062_S046,S062,S046,7.623,15.15,3.14,14.83,19.3,20.79,heavy,2.6967,0.2053
S046_S063,S046,S063,5.674,11.55,2.23,11.34,14.5,15.54,heavy,2.4287,0.1914
S063_S046,S063,S046,5.674,10.63,2.25,10.4,13.61,14.68,heavy,2.342,0.2095
S046_S066,S046,S066,7.408,25.7,4.08,25.38,31.07,32.91,heavy,3.2339,0.1579
S066_S046,S066,S046,7.408,26.0,4.14,25.67,31.45,33.31,heavy,3.2455,0.1582
S046_S067,S046,S067,10.428,15.64,4.79,14.95,21.95,24.47,normal,2.705,0.2994
S067_S046,S067,S046,10.428,16.48,5.11,15.74,23.21,25.91,normal,2.7561,0.303
S046_S068,S046,S068,4.946,16.25,2.89,16.0,20.05,21.38,heavy,2.7724,0.1763
S068_S046,S068,S046,4.946,16.93,2.98,16.67,20.86,22.23,heavy,2.8136,0.1749
S046_S071,S046,S071,6.371,13.01,3.84,12.47,18.08,20.08,light,2.5236,0.2894
S071_S046,S071,S046,6.371,13.63,3.97,13.09,18.87,20.93,light,2.5716,0.2854
S046_S072,S046,S072,4.769,12.79,2.51,12.55,16.11,17.29,heavy,2.53,0.1947
S072_S046,S072,S046,4.769,12.46,2.29,12.26,15.48,16.54,heavy,2.5063,0.1819
S046_S073,S046,S073,2.498,4.23,1.01,4.12,5.57,6.06,normal,1.4152,0.2353
S073_S046,S073,S046,2.498,4.33,1.08,4.2,5.76,6.3,normal,1.4356,0.2465
S047_S048,S047,S048,13.356,22.17,5.86,21.43,29.91,32.87,normal,3.065,0.2599
S048_S047,S048,S047,13.356,21.49,6.03,20.69,29.45,32.55,normal,3.0298,0.2754
S047_S050,S047,S050,16.361,28.14,4.7,27.76,34.34,36.47,normal,3.3236,0.1659
S050_S047,S050,S047,16.361,28.33,4.94,27.91,34.85,37.11,normal,3.329,0.1732
S047_S052,S047,S052,6.766,13.32,3.39,12.91,17.79,19.49,heavy,2.5579,0.2504
S052_S047,S052,S047,6.766,13.33,3.06,12.99,17.37,18.86,heavy,2.5639,0.2268
S047_S053,S047,S053,11.261,25.94,6.65,25.13,34.72,38.05,heavy,3.2239,0.2523
S053_S047,S053,S047,11.261,25.0,6.26,24.26,33.27,36.39,heavy,3.1887,0.2465
S047_S055,S047,S055,5.288,11.1,3.53,10.58,15.74,17.62,heavy,2.3587,0.3102
S055_S047,S055,S047,5.288,10.36,3.55,9.8,15.02,16.96,heavy,2.2825,0.3332
S047_S056,S047,S056,14.833,31.33,8.39,30.26,42.41,46.66,normal,3.4099,0.2632
S056_S047,S056,S047,14.833,33.14,7.59,32.31,43.17,46.86,normal,3.4753,0.2261
S047_S057,S047,S057,2.82,5.5,1.28,5.36,7.2,7.82,normal,1.679,0.2299
S057_S047,S057,S047,2.82,5.4,1.18,5.28,6.96,7.52,normal,1.6632,0.2155
S047_S058,S047,S058,12.758,18.4,4.75,17.82,24.68,27.07,normal,2.8802,0.2542
S058_S047,S058,S047,12.758,17.36,4.52,16.79,23.33,25.6,normal,2.821,0.2563
S047_S060,S047,S060,14.304,36.07,7.62,35.29,46.14,49.78,normal,3.5637,0.2091
S060_S047,S060,S047,14.304,37.1,6.95,36.47,46.27,49.5,normal,3.5964,0.1857
S047_S062,S047,S062,3.805,4.71,0.88,4.63,5.86,6.27,light,1.5321,0.1847
S062_S047,S062,S047,3.805,4.56,0.81,4.49,5.62,5.99,light,1.5008,0.1757
S047_S063,S047,S063,15.403,37.19,12.22,35.33,53.27,59.83,normal,3.5648,0.3202
S063_S047,S063,S047,15.403,36.45,13.02,34.33,53.53,60.71,normal,3.5359,0.3466
S047_S065,S047,S065,15.308,37.61,7.17,36.95,47.07,50.4,normal,3.6095,0.1888
S065_S047,S065,S047,15.308,38.13,7.16,37.48,47.57,50.89,normal,3.6237,0.186
S047_S066,S047,S066,17.689,38.68,8.78,37.72,50.28,54.54,heavy,3.6301,0.2242
S066_S047,S066,S047,17.689,37.25,8.46,36.32,48.42,52.53,heavy,3.5924,0.2243
S047_S067,S047,S067,1.594,2.46,0.4,2.43,2.99,3.17,light,0.8867,0.162
S067_S047,S067,S047,1.594,2.42,0.38,2.39,2.92,3.09,light,0.8728,0.1558
S047_S068,S047,S068,11.382,17.19,3.5,16.85,21.82,23.48,normal,2.8241,0.2018
S068_S047,S068,S047,11.382,17.67,3.33,17.37,22.06,23.61,normal,2.8547,0.1866
S047_S070,S047,S070,8.623,15.63,4.8,14.95,21.96,24.49,normal,2.7044,0.3002
S070_S047,S070,S047,8.623,15.81,4.75,15.14,22.07,24.55,normal,2.7171,0.294
S047_S071,S047,S071,12.499,26.01,6.5,25.23,34.6,37.84,heavy,3.2281,0.2463
S071_S047,S071,S047,12.499,25.48,7.14,24.54,34.9,38.56,heavy,3.2002,0.2748
S047_S072,S047,S072,6.634,14.28,3.68,13.83,19.13,20.98,heavy,2.6265,0.2534
S072_S047,S072,S047,6.634,15.33,3.72,14.9,20.24,22.08,heavy,2.7013,0.239
S047_S073,S047,S073,13.833,36.35,11.36,34.69,51.31,57.32,normal,3.5465,0.3053
S073_S047,S073,S047,13.833,35.12,12.43,33.11,51.43,58.27,normal,3.4998,0.3436
S047_S075,S047,S075,13.792,37.6,12.66,35.63,54.23,61.09,normal,3.5732,0.3277
S075_S047,S075,S047,13.792,36.23,12.03,34.39,52.05,58.53,normal,3.5377,0.3233
S048_S049,S048,S049,7.446,12.55,4.39,11.84,18.31,20.72,normal,2.4719,0.3398
S049_S048,S049,S048,7.446,12.72,4.4,12.02,18.5,20.9,normal,2.4867,0.3361
S048_S052,S048,S052,12.011,31.46,9.37,30.15,43.81,48.7,normal,3.4061,0.2915
S052_S048,S052,S048,12.011,29.29,8.6,28.11,40.64,45.11,normal,3.336,0.2876
S048_S053,S048,S053,5.936,9.9,3.13,9.44,14.02,15.69,normal,2.2451,0.3086
S053_S048,S053,S048,5.936,10.5,2.95,10.11,14.39,15.91,normal,2.3135,0.2755
S048_S054,S048,S054,5.491,10.26,3.19,9.8,14.46,16.14,normal,2.2826,0.3033
S054_S048,S054,S048,5.491,10.49,3.49,9.95,15.08,16.96,normal,2.2974,0.3243
S048_S056,S048,S056,6.9,11.45,2.34,11.22,14.54,15.65,normal,2.4176,0.2025
S056_S048,S056,S048,6.9,11.16,2.32,10.93,14.23,15.33,normal,2.3912,0.206
S048_S057,S048,S057,10.842,19.14,2.93,18.92,23.0,24.3,normal,2.9401,0.1523
S057_S048,S057,S048,10.842,18.02,3.18,17.74,22.21,23.67,normal,2.876,0.1751
S048_S058,S048,S058,5.577,8.32,1.26,8.23,9.97,10.53,light,2.1077,0.15
S058_S048,S058,S048,5.577,8.55,1.23,8.46,10.17,10.72,light,2.1359,0.1435
S048_S059,S048,S059,13.659,20.54,5.97,19.72,28.41,31.51,normal,2.9817,0.2848
S059_S048,S059,S048,13.659,20.66,6.31,19.76,28.98,32.3,normal,2.9837,0.2987
S048_S062,S048,S062,10.4,24.08,3.99,23.76,29.33,31.14,heavy,3.1679,0.1644
S062_S048,S062,S048,10.4,25.59,4.24,25.25,31.17,33.09,heavy,3.2288,0.1644
S048_S063,S048,S063,3.022,7.92,1.38,7.8,9.74,10.38,heavy,2.0543,0.1734
S063_S048,S063,S048,3.022,8.33,1.34,8.23,10.1,10.71,heavy,2.1076,0.1602
S048_S064,S048,S064,7.289,14.55,4.42,13.93,20.38,22.7,light,2.6338,0.2969
S064_S048,S064,S048,7.289,13.68,4.3,13.05,19.35,21.63,light,2.5688,0.3072
S048_S066,S048,S066,11.844,27.48,4.17,27.17,32.97,34.83,normal,3.3021,0.151
S066_S048,S066,S048,11.844,25.37,3.99,25.06,30.62,32.41,normal,3.2213,0.1564
S048_S067,S048,S067,13.069,26.18,5.8,25.56,33.85,36.65,heavy,3.2412,0.2189
S067_S048,S067,S048,13.069,27.51,5.95,26.89,35.36,38.22,heavy,3.2917,0.2137
S048_S068,S048,S068,1.991,4.22,0.82,4.15,5.31,5.69,heavy,1.4224,0.1924
S068_S048,S068,S048,1.991,4.54,0.74,4.48,5.52,5.86,heavy,1.4998,0.1629
S048_S069,S048,S069,9.78,18.42,5.36,17.69,25.49,28.26,normal,2.8729,0.2849
S069_S048,S069,S048,9.78,16.97,5.88,16.03,24.68,27.89,normal,2.7747,0.3365
S048_S071,S048,S071,12.314,21.25,3.66,20.94,26.07,27.74,normal,3.0418,0.1709
S071_S048,S071,S048,12.314,21.49,3.65,21.18,26.3,27.96,normal,3.0531,0.1689
S048_S072,S048,S072,8.228,14.94,4.21,14.38,20.5,22.67,normal,2.666,0.2766
S072_S048,S072,S048,8.228,13.9,3.9,13.39,19.05,21.05,normal,2.5943,0.2752
S048_S073,S048,S073,5.689,14.65,2.96,14.36,18.56,19.95,normal,2.6645,0.1999
S073_S048,S073,S048,5.689,15.54,3.09,15.24,19.63,21.08,normal,2.7242,0.1971
S048_S074,S048,S074,11.892,35.05,11.2,33.38,49.79,55.75,heavy,3.508,0.3118
S074_S048,S074,S048,11.892,37.8,11.63,36.13,53.13,59.26,heavy,3.5872,0.3007
S049_S050,S049,S050,13.027,23.93,4.8,23.46,30.27,32.53,normal,3.1555,0.1986
S050_S049,S050,S049,13.027,25.4,4.32,25.04,31.1,33.07,normal,3.2205,0.169
S049_S053,S049,S053,13.258,26.05,7.41,25.05,35.83,39.65,normal,3.2209,0.2791
S053_S049,S053,S049,13.258,24.18,8.06,22.94,34.78,39.13,normal,3.1327,0.3248
S049_S054,S049,S054,3.416,6.69,2.33,6.31,9.75,11.03,normal,1.8427,0.339
S054_S049,S054,S049,3.416,6.28,2.34,5.89,9.35,10.66,normal,1.7727,0.3608
S049_S055,S049,S055,14.286,36.26,9.19,35.15,48.4,52.99,heavy,3.5596,0.2495
S055_S049,S055,S049,14.286,38.49,8.68,37.54,49.96,54.16,heavy,3.6255,0.2228
S049_S058,S049,S058,13.023,28.35,6.63,27.61,37.12,40.36,normal,3.3181,0.2309
S058_S049,S058,S049,13.023,27.52,6.49,26.78,36.09,39.28,normal,3.2878,0.2327
S049_S059,S049,S059,6.315,11.22,3.66,10.67,16.04,18.0,light,2.3675,0.3178
S059_S049,S059,S049,6.315,12.1,3.46,11.64,16.67,18.45,light,2.4543,0.2801
S049_S060,S049,S060,15.656,35.43,12.1,33.53,51.34,57.91,heavy,3.5125,0.3322
S060_S049,S060,S049,15.656,33.71,11.69,31.86,49.06,55.45,heavy,3.4612,0.3369
S049_S063,S049,S063,9.489,20.81,5.72,20.06,28.37,31.29,light,2.9989,0.2701
S063_S049,S063,S049,9.489,20.74,6.08,19.91,28.75,31.91,light,2.991,0.2869
S049_S064,S049,S064,3.428,6.08,1.67,5.86,8.28,9.14,normal,1.7678,0.2702
S064_S049,S064,S049,3.428,6.41,1.59,6.22,8.51,9.29,normal,1.8276,0.2442
S049_S065,S049,S065,7.951,12.88,4.4,12.19,18.67,21.06,light,2.5008,0.3324
S065_S049,S065,S049,7.951,13.55,4.42,12.88,19.36,21.73,light,2.5556,0.3181
S049_S068,S049,S068,8.462,25.64,4.22,25.3,31.2,33.1,heavy,3.2307,0.1635
S068_S049,S068,S049,8.462,26.72,4.33,26.38,32.42,34.36,heavy,3.2725,0.1608
S049_S069,S049,S069,2.562,3.89,0.65,3.84,4.75,5.04,light,1.345,0.166
S069_S049,S069,S049,2.562,4.15,0.63,4.1,4.99,5.27,light,1.4117,0.1519
S049_S070,S049,S070,8.552,12.89,3.72,12.39,17.8,19.72,normal,2.5165,0.2829
S070_S049,S070,S049,8.552,11.99,3.95,11.39,17.18,19.3,normal,2.4325,0.3208
S049_S073,S049,S073,13.085,33.99,9.25,32.8,46.2,50.91,normal,3.4904,0.2673
S073_S049,S073,S049,13.085,31.63,9.58,30.27,44.26,49.28,normal,3.4103,0.2962
S049_S074,S049,S074,4.573,11.16,2.33,10.93,14.24,15.35,heavy,2.3912,0.2068
S074_S049,S074,S049,4.573,10.99,2.39,10.74,14.14,15.29,heavy,2.3736,0.2148
S049_S075,S049,S075,11.342,22.52,7.27,21.43,32.09,35.97,normal,3.0647,0.3149
S075_S049,S075,S049,11.342,22.96,7.2,21.91,32.45,36.27,normal,3.087,0.3064
S050_S054,S050,S054,16.196,31.06,7.32,30.23,40.73,44.31,normal,3.409,0.2324
S054_S050,S054,S050,16.196,31.66,7.08,30.89,41.02,44.44,normal,3.4305,0.2211
S050_S055,S050,S055,11.09,16.33,5.01,15.61,22.92,25.56,normal,2.748,0.2997
S055_S050,S055,S050,11.09,16.37,5.09,15.63,23.09,25.78,normal,2.7495,0.304
S050_S057,S050,S057,14.549,36.13,5.51,35.72,43.38,45.84,normal,3.5757,0.1516
S057_S050,S057,S050,14.549,33.63,5.83,33.14,41.31,43.98,normal,3.5007,0.172
S050_S059,S050,S059,13.659,31.68,8.38,30.62,42.75,46.98,normal,3.4217,0.2602
S059_S050,S059,S050,13.659,31.72,8.14,30.73,42.47,46.55,normal,3.4251,0.2525
S050_S060,S050,S060,4.077,7.73,2.12,7.46,10.53,11.61,normal,2.0094,0.2692
S060_S050,S060,S050,4.077,7.42,2.25,7.1,10.38,11.55,normal,1.9597,0.2963
S050_S062,S050,S062,17.655,45.64,9.69,44.64,58.44,63.06,normal,3.7987,0.21
S062_S050,S062,S050,17.655,45.74,9.98,44.68,58.92,63.73,normal,3.7996,0.2158
S050_S064,S050,S064,10.54,21.69,5.79,20.96,29.33,32.26,normal,3.0425,0.2622
S064_S050,S064,S050,10.54,22.65,5.38,22.03,29.75,32.39,normal,3.0926,0.2342
S050_S065,S050,S065,5.078,10.81,2.36,10.56,13.94,15.07,normal,2.3575,0.216
S065_S050,S065,S050,5.078,11.63,2.37,11.39,14.76,15.88,normal,2.433,0.2019
S050_S067,S050,S067,17.711,40.81,7.3,40.17,50.43,53.79,heavy,3.6931,0.1775
S067_S050,S067,S050,17.711,40.85,7.79,40.13,51.14,54.77,heavy,3.6922,0.189
S050_S069,S050,S069,13.541,28.0,6.56,27.26,36.67,39.88,heavy,3.3054,0.2313
S069_S050,S069,S050,13.541,30.13,6.75,29.41,39.05,42.31,heavy,3.3812,0.2212
S050_S070,S050,S070,12.609,39.24,6.42,38.73,47.71,50.61,heavy,3.6566,0.1626
S070_S050,S070,S050,12.609,40.3,6.67,39.76,49.09,52.11,heavy,3.6828,0.1645
S050_S074,S050,S074,13.435,19.36,5.23,18.69,26.26,28.91,normal,2.928,0.2652
S074_S050,S074,S050,13.435,20.45,5.3,19.8,27.44,30.1,normal,2.9856,0.2547
S050_S075,S050,S075,2.818,5.89,1.24,5.76,7.52,8.11,normal,1.7514,0.2077
S075_S050,S075,S050,2.818,5.57,1.22,5.44,7.19,7.78,normal,1.6938,0.2173
S051_S052,S051,S052,11.509,24.67,3.91,24.37,29.82,31.58,heavy,3.1933,0.1575
S052_S051,S052,S051,11.509,26.33,4.02,26.03,31.62,33.41,heavy,3.2592,0.1517
S051_S053,S051,S053,12.459,28.14,6.85,27.34,37.18,40.56,heavy,3.3084,0.2398
S053_S051,S053,S051,12.459,26.96,7.17,26.06,36.43,40.05,heavy,3.2604,0.2613
S051_S056,S051,S056,11.93,17.44,3.77,17.04,22.42,24.23,normal,2.8357,0.2138
S056_S051,S056,S051,11.93,17.09,3.7,16.7,21.97,23.74,normal,2.8156,0.2138
S051_S058,S051,S058,12.644,26.59,4.02,26.29,31.88,33.67,heavy,3.2691,0.1505
S058_S051,S058,S051,12.644,24.77,3.65,24.51,29.57,31.18,heavy,3.1991,0.1464
S051_S061,S051,S061,4.616,11.4,2.37,11.16,14.53,15.65,normal,2.412,0.2059
S061_S051,S061,S051,4.616,11.63,2.57,11.36,15.02,16.26,normal,2.4302,0.218
S051_S062,S051,S062,15.272,42.37,14.62,40.05,61.56,69.54,heavy,3.6901,0.3354
S062_S051,S062,S051,15.272,40.32,13.67,38.19,58.28,65.69,heavy,3.6425,0.3298
S051_S063,S051,S063,16.873,25.5,7.49,24.46,35.37,39.27,normal,3.1971,0.2877
S063_S051,S063,S051,16.873,26.91,7.11,26.02,36.3,39.89,normal,3.2589,0.2597
S051_S066,S051,S066,8.209,19.0,3.52,18.68,23.65,25.28,normal,2.9277,0.1837
S066_S051,S066,S051,8.209,20.25,3.18,20.01,24.44,25.87,normal,2.996,0.1562
S051_S067,S051,S067,16.662,37.97,8.57,37.03,49.29,53.44,heavy,3.6118,0.223
S067_S051,S067,S051,16.662,36.98,8.08,36.13,47.65,51.53,heavy,3.5872,0.2158
S051_S068,S051,S068,17.358,33.46,7.49,32.66,43.36,46.99,normal,3.486,0.2212
S068_S051,S068,S051,17.358,34.32,8.15,33.39,45.1,49.1,normal,3.5084,0.2343
S051_S071,S051,S071,6.503,12.68,4.43,11.97,18.5,20.92,heavy,2.4824,0.3395
S071_S051,S071,S051,6.503,13.45,4.05,12.88,18.78,20.9,heavy,2.5555,0.2944
S051_S072,S051,S072,13.752,44.76,14.99,42.44,64.46,72.56,heavy,3.7481,0.326
S072_S051,S072,S051,13.752,42.55,14.62,40.24,61.76,69.72,heavy,3.6949,0.3341
S051_S073,S051,S073,12.765,25.98,7.01,25.08,35.23,38.79,normal,3.222,0.2652
S073_S051,S073,S051,12.765,24.91,6.37,24.14,33.33,36.52,normal,3.1837,0.2518
S052_S053,S052,S053,7.199,12.59,2.36,12.37,15.71,16.8,normal,2.5153,0.1862
S053_S052,S053,S052,7.199,13.17,2.28,12.98,16.18,17.22,normal,2.5631,0.172
S052_S055,S052,S055,11.259,39.54,12.22,37.78,55.64,62.09,heavy,3.6317,0.3021
S055_S052,S055,S052,11.259,41.76,13.37,39.77,59.36,66.48,heavy,3.6832,0.3123
S052_S056,S052,S056,10.174,20.75,3.98,20.38,26.0,27.86,heavy,3.0145,0.1901
S056_S052,S056,S052,10.174,21.7,4.21,21.3,27.26,29.23,heavy,3.0586,0.1924
S052_S057,S052,S057,7.23,17.07,3.13,16.79,21.21,22.66,heavy,2.821,0.182
S057_S052,S057,S052,7.23,17.76,3.22,17.48,22.01,23.5,heavy,2.8608,0.18
S052_S058,S052,S058,8.65,21.77,5.44,21.12,28.96,31.66,heavy,3.0504,0.246
S058_S052,S058,S052,8.65,20.65,5.67,19.92,28.14,31.03,heavy,2.9916,0.2695
S052_S061,S052,S061,14.946,27.58,6.8,26.78,36.57,39.94,normal,3.2877,0.243
S061_S052,S061,S052,14.946,27.47,6.91,26.64,36.6,40.05,normal,3.2823,0.2479
S052_S062,S052,S062,3.97,5.82,1.79,5.57,8.19,9.14,light,1.7167,0.3012
S062_S052,S062,S052,3.97,5.55,1.94,5.24,8.09,9.15,light,1.6567,0.3388
S052_S063,S052,S063,12.771,33.32,6.56,32.7,41.98,45.06,heavy,3.4873,0.195
S063_S052,S063,S052,12.771,32.29,7.07,31.54,41.63,45.03,heavy,3.4513,0.2164
S052_S066,S052,S066,11.677,20.96,7.07,19.86,30.24,34.07,normal,2.9887,0.3281
S066_S052,S066,S052,11.677,20.14,6.48,19.17,28.66,32.12,normal,2.9532,0.3139
S052_S067,S052,S067,5.221,8.46,1.77,8.28,10.79,11.63,normal,2.1138,0.2068
S067_S052,S067,S052,5.221,8.09,1.61,7.94,10.21,10.97,normal,2.0717,0.1965
S052_S068,S052,S068,10.217,19.01,4.13,18.58,24.47,26.45,normal,2.9219,0.2148
S068_S052,S068,S052,10.217,18.91,4.06,18.49,24.27,26.21,normal,2.9173,0.212
S052_S070,S052,S070,10.427,16.43,3.51,16.06,21.05,22.73,normal,2.7765,0.211
S070_S052,S070,S052,10.427,15.18,3.46,14.8,19.75,21.44,normal,2.6943,0.2254
S052_S071,S052,S071,5.842,10.91,1.8,10.76,13.28,14.1,light,2.376,0.1641
S071_S052,S071,S052,5.842,10.55,1.8,10.4,12.92,13.75,light,2.3417,0.1696
S052_S072,S052,S072,3.983,7.26,1.2,7.16,8.84,9.38,normal,1.9684,0.1645
S072_S052,S072,S052,3.983,7.75,1.11,7.67,9.21,9.69,normal,2.0379,0.1419
S052_S073,S052,S073,9.648,24.71,3.9,24.41,29.84,31.58,normal,3.1949,0.1567
S073_S052,S073,S052,9.648,24.05,4.03,23.72,29.37,31.2,normal,3.1664,0.1665
S053_S054,S053,S054,11.386,25.3,7.57,24.24,35.28,39.24,normal,3.1881,0.2927
S054_S053,S054,S053,11.386,26.7,7.1,25.81,36.07,39.66,normal,3.2506,0.2613
S053_S056,S053,S056,3.589,6.32,1.12,6.22,7.8,8.31,normal,1.828,0.1762
S056_S053,S056,S053,3.589,5.82,1.08,5.72,7.24,7.74,normal,1.7448,0.1834
S053_S057,S053,S057,9.702,20.44,6.27,19.54,28.7,32.0,heavy,2.9725,0.2998
S057_S053,S057,S053,9.702,21.9,6.67,20.95,30.69,34.19,heavy,3.042,0.2979
S053_S058,S053,S058,1.537,2.48,0.38,2.45,2.98,3.15,normal,0.8974,0.1515
S058_S053,S058,S053,1.537,2.63,0.36,2.6,3.1,3.25,normal,0.9566,0.1355
S053_S061,S053,S061,13.751,30.54,5.86,29.99,38.28,41.01,heavy,3.401,0.1902
S061_S053,S061,S053,13.751,30.62,6.2,30.01,38.8,41.73,heavy,3.4016,0.2004
S053_S062,S053,S062,7.503,16.36,4.82,15.69,22.71,25.22,heavy,2.7532,0.2884
S062_S053,S062,S053,7.503,15.94,4.42,15.36,21.77,24.03,heavy,2.7319,0.2721
S053_S063,S053,S063,5.729,11.92,2.81,11.61,15.64,17.02,heavy,2.4515,0.2326
S063_S053,S063,S053,5.729,11.37,2.78,11.04,15.05,16.42,heavy,2.4019,0.2412
S053_S064,S053,S064,12.333,22.31,5.02,21.76,28.94,31.37,normal,3.0803,0.2222
S064_S053,S064,S053,12.333,23.64,4.82,23.17,30.01,32.29,normal,3.1427,0.2019
S053_S066,S053,S066,7.515,12.27,3.07,11.9,16.32,17.84,normal,2.4767,0.2462
S066_S053,S066,S053,7.515,11.95,3.02,11.59,15.94,17.44,normal,2.4501,0.2485
S053_S067,S053,S067,10.31,17.32,4.0,16.88,22.6,24.54,normal,2.8259,0.2277
S067_S053,S067,S053,10.31,17.42,3.86,17.01,22.52,24.38,normal,2.8339,0.2187
S053_S068,S053,S068,4.899,13.09,4.02,12.51,18.38,20.5,normal,2.5265,0.3002
S068_S053,S068,S053,4.899,12.36,4.38,11.65,18.11,20.52,normal,2.4553,0.3441
S053_S069,S053,S069,15.674,32.88,9.07,31.69,44.85,49.49,normal,3.4561,0.2709
S069_S053,S069,S053,15.674,35.05,9.21,33.9,47.21,51.85,normal,3.5235,0.2583
S053_S071,S053,S071,6.381,17.34,3.92,16.91,22.52,24.42,heavy,2.8278,0.2234
S071_S053,S071,S053,6.381,16.13,3.83,15.69,21.19,23.07,heavy,2.7529,0.2345
S053_S072,S053,S072,4.649,11.96,2.58,11.69,15.36,16.6,heavy,2.4585,0.2133
S072_S053,S072,S053,4.649,12.22,2.48,11.98,15.49,16.67,heavy,2.483,0.2008
S053_S073,S053,S073,2.613,6.17,1.76,5.93,8.48,9.39,normal,1.78,0.2794
S073_S053,S073,S053,2.613,5.7,1.82,5.43,8.1,9.08,normal,1.6926,0.3119
S053_S074,S053,S074,17.777,45.32,8.49,44.55,56.52,60.46,heavy,3.7965,0.1857
S074_S053,S074,S053,17.777,48.3,8.3,47.61,59.24,63.02,heavy,3.863,0.1705
S054_S055,S054,S055,15.67,36.0,7.5,35.24,45.9,49.46,normal,3.5623,0.206
S055_S054,S055,S054,15.67,33.52,6.83,32.85,42.54,45.77,normal,3.4919,0.2017
S054_S058,S054,S058,10.815,20.05,3.7,19.71,24.92,26.63,normal,2.9813,0.1828
S058_S054,S058,S054,10.815,19.7,4.06,19.29,25.06,26.98,normal,2.9597,0.2039
S054_S059,S054,S059,8.649,17.94,4.19,17.47,23.48,25.53,light,2.8606,0.2306
S059_S054,S059,S054,8.649,17.62,4.53,17.07,23.61,25.88,light,2.8373,0.253
S054_S063,S054,S063,6.675,15.33,4.97,14.58,21.87,24.52,normal,2.6798,0.316
S063_S054,S063,S054,6.675,15.16,5.18,14.35,21.96,24.78,normal,2.6637,0.332
S054_S064,S054,S064,5.848,11.14,3.02,10.75,15.12,16.66,normal,2.3753,0.266
S064_S054,S064,S054,5.848,11.3,3.02,10.91,15.28,16.81,normal,2.3901,0.2625
S054_S065,S054,S065,11.136,25.27,5.18,24.75,32.11,34.56,heavy,3.2089,0.203
S065_S054,S065,S054,11.136,27.25,5.13,26.78,34.02,36.4,heavy,3.2878,0.1865
S054_S068,S054,S068,7.125,11.11,3.01,10.72,15.08,16.61,normal,2.372,0.2662
S068_S054,S068,S054,7.125,11.15,3.26,10.7,15.45,17.14,normal,2.3707,0.286
S054_S069,S054,S069,4.876,6.28,1.52,6.11,8.29,9.04,light,1.8093,0.2386
S069_S054,S069,S054,4.876,6.52,1.46,6.36,8.44,9.15,light,1.8507,0.2206
S054_S070,S054,S070,9.071,13.74,3.31,13.35,18.12,19.75,normal,2.5918,0.2379
S070_S054,S070,S054,9.071,13.5,3.53,13.06,18.16,19.93,normal,2.5694,0.2571
S054_S073,S054,S073,10.649,22.12,5.15,21.54,28.93,31.44,heavy,3.07,0.2299
S073_S054,S073,S054,10.649,23.53,5.39,22.94,30.66,33.28,heavy,3.1328,0.2263
S054_S074,S054,S074,6.924,13.33,4.43,12.65,19.16,21.55,normal,2.538,0.3235
S074_S054,S074,S054,6.924,13.76,4.07,13.19,19.12,21.25,normal,2.5796,0.2897
S054_S075,S054,S075,14.269,32.13,5.1,31.73,38.84,41.13,heavy,3.4573,0.1577
S075_S054,S075,S054,14.269,30.97,5.23,30.53,37.86,40.23,heavy,3.4188,0.1677
S055_S057,S055,S057,4.092,8.82,2.94,8.37,12.68,14.27,normal,2.1244,0.3245
S057_S055,S057,S055,4.092,9.4,2.89,8.98,13.2,14.72,normal,2.1953,0.3003
S055_S060,S055,S060,9.127,14.71,2.56,14.49,18.08,19.25,normal,2.6733,0.1729
S060_S055,S060,S055,9.127,13.71,2.36,13.51,16.82,17.9,normal,2.6035,0.1709
S055_S062,S055,S062,7.39,16.03,3.45,15.68,20.59,22.25,heavy,2.7521,0.2128
S062_S055,S062,S055,7.39,15.17,3.25,14.84,19.46,21.02,heavy,2.6972,0.2117
S055_S064,S055,S064,10.921,28.62,4.45,28.28,34.48,36.46,normal,3.3423,0.1544
S064_S055,S064,S055,10.921,29.51,4.67,29.15,35.66,37.75,normal,3.3725,0.1572
S055_S065,S055,S065,10.589,28.95,8.66,27.74,40.37,44.9,heavy,3.3228,0.2928
S065_S055,S065,S055,10.589,28.47,7.81,27.46,38.79,42.78,heavy,3.3127,0.2695
S055_S067,S055,S067,6.719,16.59,5.53,15.74,23.87,26.86,normal,2.7564,0.3247
S067_S055,S067,S055,6.719,17.05,5.49,16.23,24.28,27.21,normal,2.7866,0.3143
S055_S069,S055,S069,16.422,31.55,5.25,31.12,38.48,40.86,normal,3.438,0.1654
S069_S055,S069,S055,16.422,30.25,5.73,29.73,37.81,40.47,normal,3.392,0.1876
S055_S070,S055,S070,6.927,16.76,5.26,15.99,23.69,26.48,normal,2.7717,0.3067
S070_S055,S070,S055,6.927,15.87,4.76,15.2,22.14,24.63,normal,2.7216,0.2932
S055_S072,S055,S072,9.384,31.66,6.61,30.99,40.39,43.53,heavy,3.4336,0.2066
S072_S055,S072,S055,9.384,29.98,6.84,29.23,39.01,42.33,heavy,3.3751,0.2252
S055_S074,S055,S074,17.712,47.82,9.79,46.85,60.74,65.38,normal,3.8469,0.2026
S074_S055,S074,S055,17.712,46.73,9.23,45.85,58.92,63.26,normal,3.8253,0.1957
S055_S075,S055,S075,8.593,22.73,6.48,21.85,31.27,34.61,normal,3.0844,0.2795
S075_S055,S075,S055,8.593,22.51,5.89,21.78,30.29,33.26,normal,3.081,0.2573
S056_S057,S056,S057,13.274,22.95,5.84,22.24,30.67,33.59,normal,3.1021,0.2506
S057_S056,S057,S056,13.274,23.75,6.31,22.95,32.08,35.27,normal,3.1335,0.2611
S056_S058,S056,S058,2.211,3.78,0.8,3.7,4.84,5.22,light,1.3085,0.2093
S058_S056,S058,S056,2.211,3.84,0.73,3.77,4.8,5.14,light,1.3283,0.1879
S056_S061,S056,S061,11.983,32.85,6.25,32.27,41.1,44.01,heavy,3.4741,0.1887
S061_S056,S061,S056,11.983,32.19,5.93,31.66,40.01,42.75,heavy,3.455,0.1826
S056_S062,S056,S062,11.055,37.58,8.81,36.59,49.21,53.52,heavy,3.5997,0.2312
S062_S056,S062,S056,11.055,36.6,8.26,35.7,47.52,51.52,heavy,3.5752,0.223
S056_S063,S056,S063,4.975,7.17,1.39,7.04,9.01,9.66,light,1.9516,0.1923
S063_S056,S063,S056,4.975,7.51,1.48,7.37,9.47,10.17,light,1.9974,0.1957
S056_S066,S056,S066,4.945,15.8,2.9,15.54,19.62,20.96,heavy,2.7433,0.1819
S066_S056,S066,S056,4.945,15.83,3.08,15.54,19.89,21.34,heavy,2.7432,0.1928
S056_S067,S056,S067,13.829,29.16,8.03,28.11,39.76,43.86,normal,3.3363,0.2703
S067_S056,S067,S056,13.829,27.79,8.1,26.68,38.47,42.67,normal,3.2841,0.2854
S056_S068,S056,S068,6.888,10.13,1.76,9.98,12.46,13.27,normal,2.301,0.1729
S068_S056,S068,S056,6.888,9.5,1.7,9.35,11.74,12.52,normal,2.2349,0.1779
S056_S071,S056,S071,7.22,16.51,4.64,15.9,22.63,25.01,light,2.7662,0.2755
S071_S056,S071,S056,7.22,16.22,4.6,15.61,22.29,24.65,light,2.7476,0.278
S056_S072,S056,S072,8.203,21.1,6.61,20.14,29.81,33.3,normal,3.0028,0.3057
S072_S056,S072,S056,8.203,19.56,7.12,18.39,28.89,32.83,normal,2.9116,0.3525
S056_S073,S056,S073,1.351,3.62,1.1,3.46,5.07,5.64,heavy,1.2424,0.2968
S073_S056,S073,S056,1.351,3.9,1.01,3.77,5.24,5.74,heavy,1.3284,0.2551
S057_S058,S057,S058,11.096,20.34,7.08,19.21,29.64,33.51,normal,2.9556,0.3382
S058_S057,S058,S057,11.096,19.27,7.73,17.89,29.35,33.77,normal,2.8842,0.3863
S057_S060,S057,S060,13.093,23.11,8.0,21.83,33.61,37.98,normal,3.0835,0.3365
S060_S057,S060,S057,13.093,22.7,8.68,21.2,34.04,38.93,normal,3.0539,0.3695
S057_S062,S057,S062,3.306,5.3,0.94,5.22,6.53,6.96,normal,1.6523,0.1752
S062_S057,S062,S057,3.306,5.41,1.01,5.32,6.74,7.21,normal,1.672,0.1845
S057_S063,S057,S063,13.126,27.77,8.9,26.45,39.48,44.22,normal,3.2751,0.3125
S063_S057,S063,S057,13.126,25.85,8.04,24.68,36.44,40.68,normal,3.2061,0.3038
S057_S065,S057,S065,12.889,19.22,4.61,18.69,25.3,27.57,normal,2.9278,0.2364
S065_S057,S065,S057,12.889,19.65,4.36,19.18,25.41,27.52,normal,2.954,0.2193
S057_S066,S057,S066,16.745,40.19,13.97,37.96,58.53,66.17,heavy,3.6365,0.3378
S066_S057,S066,S057,16.745,37.11,14.7,34.5,56.29,64.65,heavy,3.5411,0.3817
S057_S067,S057,S067,3.478,11.51,2.27,11.29,14.5,15.57,heavy,2.4239,0.1954
S067_S057,S067,S057,3.478,11.98,2.32,11.76,15.05,16.14,heavy,2.4649,0.1922
S057_S068,S057,S068,8.913,23.05,5.18,22.49,29.9,32.41,normal,3.1131,0.2221
S068_S057,S068,S057,8.913,21.95,5.06,21.39,28.63,31.09,normal,3.0631,0.2273
S057_S070,S057,S070,5.811,13.51,2.67,13.25,17.03,18.29,heavy,2.5842,0.1957
S070_S057,S070,S057,5.811,14.03,2.58,13.8,17.43,18.62,heavy,2.6244,0.1823
S057_S071,S057,S071,12.366,36.34,10.13,35.01,49.71,54.9,heavy,3.5556,0.2735
S071_S057,S071,S057,12.366,36.46,11.1,34.88,51.09,56.91,heavy,3.552,0.2976
S057_S072,S057,S072,5.438,7.93,1.65,7.77,10.11,10.89,light,2.0499,0.2055
S072_S057,S072,S057,5.438,7.59,1.72,7.4,9.87,10.7,light,2.0015,0.2244
S057_S073,S057,S073,12.134,34.06,6.51,33.45,42.65,45.69,heavy,3.5102,0.1895
S073_S057,S073,S057,12.134,36.28,6.73,35.67,45.15,48.26,heavy,3.5743,0.1838
S057_S075,S057,S075,11.837,26.34,7.57,25.31,36.33,40.24,normal,3.2313,0.2818
S075_S057,S075,S057,11.837,25.17,8.14,23.95,35.87,40.22,normal,3.1758,0.3153
S058_S061,S058,S061,13.407,24.8,4.63,24.38,30.91,33.06,normal,3.1939,0.1851
S061_S058,S061,S058,13.407,22.84,4.97,22.32,29.41,31.8,normal,3.1055,0.2152
S058_S062,S058,S062,9.02,23.13,4.36,22.73,28.88,30.91,normal,3.1236,0.1869
S062_S058,S062,S058,9.02,24.75,4.03,24.43,30.06,31.88,normal,3.1958,0.1619
S058_S063,S058,S063,4.641,10.93,2.84,10.58,14.68,16.11,normal,2.3589,0.2555
S063_S058,S063,S058,4.641,10.47,2.6,10.16,13.9,15.19,normal,2.3185,0.2446
S058_S064,S058,S064,12.5,20.55,4.36,20.1,26.31,28.39,normal,3.0007,0.21
S064_S058,S064,S058,12.5,19.55,4.3,19.1,25.23,27.3,normal,2.9496,0.2171
S058_S066,S058,S066,6.724,15.96,3.36,15.62,20.4,22.0,heavy,2.7486,0.2083
S066_S058,S066,S058,6.724,17.16,3.16,16.87,21.33,22.79,heavy,2.8258,0.1827
S058_S067,S058,S067,11.837,18.09,4.46,17.57,23.98,26.19,normal,2.8662,0.2426
S067_S058,S067,S058,11.837,17.8,4.16,17.33,23.29,25.33,normal,2.8526,0.2306
S058_S068,S058,S068,5.065,13.31,3.34,12.91,17.72,19.38,heavy,2.5578,0.2472
S068_S058,S068,S058,5.065,13.86,3.55,13.43,18.56,20.34,heavy,2.5973,0.2524
S058_S069,S058,S069,15.336,24.3,3.74,24.01,29.22,30.89,normal,3.1786,0.1531
S069_S058,S069,S058,15.336,24.01,3.43,23.77,28.52,30.03,normal,3.1686,0.1421
S058_S071,S058,S071,7.018,10.49,2.2,10.27,13.4,14.45,normal,2.3291,0.2078
S071_S058,S071,S058,7.018,10.58,2.06,10.39,13.3,14.27,normal,2.3405,0.193
S058_S072,S058,S072,6.17,12.5,2.64,12.23,15.99,17.25,normal,2.5041,0.2089
S072_S058,S072,S058,6.17,12.25,2.7,11.97,15.81,17.11,normal,2.4821,0.2174
S058_S073,S058,S073,1.08,3.73,0.66,3.68,4.61,4.91,heavy,1.3018,0.176
S073_S058,S073,S058,1.08,3.55,0.72,3.48,4.5,4.84,heavy,1.2474,0.1999
S058_S074,S058,S074,17.45,47.41,15.28,45.12,67.52,75.69,normal,3.8094,0.3144
S074_S058,S074,S058,17.45,49.12,15.26,46.91,69.22,77.28,normal,3.8482,0.3035
S059_S060,S059,S060,17.333,25.67,8.68,24.32,37.08,41.78,normal,3.1912,0.329
S060_S059,S060,S059,17.333,25.15,8.66,23.78,36.52,41.24,normal,3.1688,0.3347
S059_S063,S059,S063,15.314,26.39,7.06,25.49,35.71,39.29,normal,3.2383,0.263
S063_S059,S063,S059,15.314,28.01,7.76,27.0,38.26,42.22,normal,3.2957,0.2719
S059_S064,S059,S064,8.559,20.97,7.05,19.87,30.24,34.05,normal,2.9894,0.3274
S064_S059,S064,S059,8.559,19.94,6.96,18.83,29.08,32.89,normal,2.9353,0.3392
S059_S065,S059,S065,9.503,21.04,7.0,19.96,30.24,34.01,normal,2.9938,0.3239
S065_S059,S065,S059,9.503,21.07,6.98,20.0,30.25,34.01,normal,2.9957,0.3228
S059_S068,S059,S068,14.775,24.78,7.17,23.81,34.24,37.95,normal,3.17,0.2835
S068_S059,S068,S059,14.775,24.33,7.06,23.36,33.64,37.3,normal,3.1512,0.2844
S059_S069,S059,S069,3.881,8.65,2.12,8.4,11.45,12.5,normal,2.1277,0.242
S069_S059,S069,S059,3.881,8.83,2.2,8.57,11.73,12.82,normal,2.1477,0.2453
S059_S070,S059,S070,14.367,23.98,6.69,23.09,32.81,36.24,normal,3.1396,0.2739
S070_S059,S070,S059,14.367,24.38,7.29,23.36,33.99,37.8,normal,3.1511,0.2925
S059_S074,S059,S074,1.767,4.25,0.85,4.17,5.37,5.77,normal,1.4272,0.1975
S074_S059,S074,S059,1.767,3.92,0.89,3.82,5.1,5.53,normal,1.3401,0.2252
S059_S075,S059,S075,13.231,22.75,7.59,21.59,32.73,36.82,normal,3.0721,0.3246
S075_S059,S075,S059,13.231,23.5,8.31,22.16,34.4,38.96,normal,3.0984,0.343
S060_S062,S060,S062,16.383,41.64,13.82,39.52,59.82,67.28,normal,3.6768,0.3234
S062_S060,S062,S060,16.383,39.41,13.62,37.25,57.3,64.73,normal,3.6177,0.3359
S060_S064,S060,S064,12.648,21.18,5.3,20.54,28.17,30.8,normal,3.0225,0.2463
S064_S060,S064,S060,12.648,21.71,5.17,21.12,28.54,31.08,normal,3.0503,0.2349
S060_S065,S060,S065,8.039,14.56,3.38,14.18,19.03,20.68,light,2.652,0.2293
S065_S060,S065,S060,8.039,13.65,3.43,13.24,18.18,19.89,light,2.5831,0.2476
S060_S067,S060,S067,15.808,24.99,7.82,23.85,35.29,39.43,normal,3.1719,0.3056
S067_S060,S067,S060,15.808,25.99,8.49,24.7,37.16,41.71,normal,3.2069,0.3185
S060_S069,S060,S069,16.653,45.02,9.53,44.05,57.61,62.15,heavy,3.7853,0.2093
S069_S060,S069,S060,16.653,47.3,8.58,46.54,58.62,62.57,heavy,3.8404,0.1799
S060_S070,S060,S070,12.887,33.05,9.56,31.75,45.66,50.61,normal,3.4578,0.2835
S070_S060,S070,S060,12.887,32.61,9.16,31.4,44.69,49.39,normal,3.4467,0.2754
S060_S072,S060,S072,17.931,47.43,8.79,46.64,59.03,63.1,heavy,3.8425,0.1837
S072_S060,S072,S060,17.931,48.98,8.26,48.3,59.87,63.62,heavy,3.8775,0.1674
S060_S074,S060,S074,16.885,39.51,13.42,37.41,57.15,64.44,normal,3.622,0.3305
S074_S060,S074,S060,16.885,39.94,12.65,38.07,56.59,63.32,normal,3.6395,0.3092
S060_S075,S060,S075,4.336,10.0,3.0,9.58,13.95,15.52,normal,2.2594,0.2935
S075_S060,S075,S060,4.336,9.61,3.24,9.11,13.87,15.63,normal,2.2094,0.3281
S061_S063,S061,S063,16.845,33.49,9.22,32.29,45.67,50.38,normal,3.4748,0.2704
S063_S061,S063,S061,16.845,31.4,9.47,30.06,43.89,48.85,normal,3.4032,0.2952
S061_S066,S061,S066,7.174,15.5,2.59,15.29,18.92,20.09,light,2.7274,0.166
S066_S061,S066,S061,7.174,14.95,2.51,14.74,18.26,19.4,light,2.6909,0.1667
S061_S071,S061,S071,9.22,13.95,3.43,13.54,18.47,20.17,light,2.606,0.242
S071_S061,S071,S061,9.22,12.85,3.27,12.46,17.17,18.8,light,2.5223,0.2501
S061_S072,S061,S072,16.306,32.13,9.1,30.92,44.14,48.82,heavy,3.4314,0.2776
S072_S061,S072,S061,16.306,30.06,9.14,28.76,42.1,46.89,heavy,3.359,0.2972
S061_S073,S061,S073,13.147,35.62,9.64,34.38,48.34,53.24,normal,3.5376,0.2658
S073_S061,S073,S061,13.147,38.08,9.59,36.93,50.75,55.53,normal,3.6091,0.2479
S062_S063,S062,S063,12.05,25.16,5.93,24.48,32.99,35.9,normal,3.198,0.2327
S063_S062,S063,S062,12.05,25.89,5.75,25.27,33.48,36.26,normal,3.2297,0.2194
S062_S065,S062,S065,15.493,32.84,6.5,32.22,41.42,44.47,normal,3.4725,0.196
S065_S062,S065,S062,15.493,33.71,6.34,33.13,42.08,45.02,normal,3.5004,0.1865
S062_S066,S062,S066,13.937,36.13,7.99,35.28,46.69,50.55,normal,3.5633,0.2186
S066_S062,S066,S062,13.937,37.9,7.2,37.24,47.4,50.75,normal,3.6173,0.1882
S062_S067,S062,S067,2.846,4.33,1.0,4.22,5.65,6.14,normal,1.4404,0.2274
S067_S062,S067,S062,2.846,4.0,0.92,3.9,5.22,5.67,normal,1.3614,0.2275
S062_S068,S062,S068,8.418,15.49,5.27,14.66,22.41,25.27,normal,2.6853,0.3309
S068_S062,S068,S062,8.418,15.16,5.39,14.28,22.24,25.21,normal,2.6592,0.3452
S062_S070,S062,S070,7.101,16.35,4.01,15.88,21.65,23.63,heavy,2.7652,0.2415
S070_S062,S070,S062,7.101,16.77,3.61,16.4,21.54,23.26,heavy,2.797,0.2127
S062_S071,S062,S071,9.126,15.75,5.33,14.92,22.76,25.65,normal,2.7028,0.3293
S071_S062,S071,S062,9.126,14.53,5.18,13.69,21.33,24.18,normal,2.6167,0.3459
S062_S072,S062,S072,2.855,7.48,2.33,7.14,10.54,11.77,normal,1.9653,0.3043
S072_S062,S072,S062,2.855,7.69,2.2,7.39,10.6,11.74,normal,2.0002,0.2811
S062_S073,S062,S073,10.1,25.81,7.69,24.74,35.95,39.97,heavy,3.2085,0.2915
S073_S062,S073,S062,10.1,25.19,8.36,23.91,36.19,40.69,heavy,3.1741,0.3234
S062_S075,S062,S075,14.889,21.88,5.37,21.25,28.97,31.63,normal,3.0564,0.2417
S075_S062,S075,S062,14.889,23.13,5.8,22.43,30.79,33.68,normal,3.1106,0.247
S063_S064,S063,S064,10.046,22.18,4.63,21.71,28.29,30.5,heavy,3.0779,0.2065
S064_S063,S064,S063,10.046,22.93,4.97,22.41,29.5,31.89,heavy,3.1096,0.2144
S063_S066,S063,S066,9.687,12.5,3.84,11.95,17.56,19.58,light,2.4807,0.3001
S066_S063,S066,S063,9.687,11.76,4.06,11.11,17.09,19.31,light,2.4079,0.3361
S063_S067,S063,S067,14.861,31.82,9.06,30.6,43.76,48.43,normal,3.421,0.2791
S067_S063,S067,S063,14.861,34.3,8.99,33.18,46.17,50.71,normal,3.5018,0.2579
S063_S068,S063,S068,4.396,8.92,3.04,8.44,12.91,14.57,heavy,2.1331,0.3317
S068_S063,S068,S063,4.396,9.15,2.88,8.73,12.95,14.48,heavy,2.1665,0.3077
S063_S069,S063,S069,11.487,26.27,7.9,25.16,36.69,40.82,normal,3.2253,0.2942
S069_S063,S069,S063,11.487,27.11,7.28,26.19,36.72,40.41,normal,3.2653,0.2637
S063_S071,S063,S071,11.629,16.67,2.6,16.47,20.08,21.24,normal,2.8013,0.1549
S071_S063,S071,S063,11.629,17.74,2.74,17.53,21.34,22.56,normal,2.864,0.1533
S063_S072,S063,S072,9.465,29.03,5.85,28.46,36.75,39.51,heavy,3.3485,0.1995
S072_S063,S072,S063,9.465,31.13,6.05,30.56,39.12,41.95,heavy,3.4196,0.1926
S063_S073,S063,S073,4.164,9.55,3.2,9.06,13.75,15.48,heavy,2.2038,0.3257
S073_S063,S073,S063,4.164,8.93,3.32,8.37,13.27,15.12,heavy,2.1244,0.3598
S063_S074,S063,S074,13.574,20.65,6.95,19.57,29.78,33.54,normal,2.9741,0.3274
S074_S063,S074,S063,13.574,19.21,6.73,18.13,28.04,31.73,normal,2.8977,0.3401
S064_S065,S064,S065,5.621,11.33,3.38,10.85,15.78,17.55,heavy,2.3843,0.2922
S065_S064,S065,S064,5.621,11.6,3.57,11.09,16.31,18.2,heavy,2.406,0.3011
S064_S068,S064,S068,7.47,10.85,2.57,10.55,14.25,15.51,normal,2.3563,0.2341
S068_S064,S068,S064,7.47,10.37,2.38,10.1,13.51,14.66,normal,2.3129,0.2264
S064_S069,S064,S069,5.527,13.96,2.34,13.77,17.05,18.11,normal,2.6223,0.1667
S069_S064,S069,S064,5.527,14.51,2.16,14.35,17.35,18.31,normal,2.6636,0.1483
S064_S070,S064,S070,5.835,16.1,5.16,15.33,22.9,25.65,heavy,2.73,0.3129
S070_S064,S070,S064,5.835,16.3,4.65,15.67,22.43,24.83,heavy,2.752,0.2796
S064_S073,S064,S073,12.843,33.16,8.53,32.12,44.42,48.7,normal,3.4694,0.253
S073_S064,S073,S064,12.843,35.71,8.22,34.8,46.56,50.56,normal,3.5495,0.2272
S064_S074,S064,S074,7.057,14.45,4.13,13.89,19.9,22.03,normal,2.6315,0.2803
S074_S064,S074,S064,7.057,14.5,4.22,13.92,20.06,22.24,normal,2.6334,0.2849
S064_S075,S064,S075,8.445,25.87,5.93,25.22,33.7,36.58,heavy,3.2275,0.2261
S075_S064,S075,S064,8.445,25.11,6.3,24.35,33.43,36.56,heavy,3.1926,0.2471
S065_S067,S065,S067,16.345,35.1,6.8,34.46,44.08,47.26,normal,3.5399,0.192
S067_S065,S067,S065,16.345,34.86,6.94,34.19,44.02,47.29,normal,3.5318,0.1972
S065_S069,S065,S069,8.639,17.68,5.01,17.01,24.29,26.86,light,2.834,0.2776
S069_S065,S069,S065,8.639,17.96,4.81,17.35,24.32,26.76,light,2.8536,0.2634
S065_S070,S065,S070,9.142,17.71,3.09,17.45,21.79,23.21,heavy,2.8593,0.1734
S070_S065,S070,S065,9.142,18.08,2.92,17.85,21.93,23.24,heavy,2.8822,0.1603
S065_S072,S065,S072,15.738,45.81,15.73,43.32,66.46,75.02,heavy,3.7687,0.3338
S072_S065,S072,S065,15.738,49.33,15.2,47.14,69.36,77.38,heavy,3.8532,0.3012
S065_S074,S065,S074,8.882,13.82,2.66,13.57,17.32,18.56,normal,2.608,0.1904
S074_S065,S074,S065,8.882,14.26,2.42,14.06,17.45,18.55,normal,2.6436,0.1683
S065_S075,S065,S075,3.769,7.77,1.44,7.64,9.67,10.34,heavy,2.0328,0.1842
S075_S065,S075,S065,3.769,8.05,1.38,7.93,9.87,10.51,heavy,2.0709,0.1708
S066_S067,S066,S067,16.395,34.67,11.53,32.9,49.83,56.05,heavy,3.4936,0.3238
S067_S066,S067,S066,16.395,37.4,11.64,35.71,52.73,58.88,heavy,3.5754,0.304
S066_S068,S066,S068,11.739,24.5,7.0,23.56,33.73,37.34,normal,3.1595,0.28
S068_S066,S068,S066,11.739,25.51,6.84,24.64,34.54,38.01,normal,3.2043,0.2636
S066_S071,S066,S071,6.442,11.87,2.45,11.63,15.11,16.28,normal,2.4533,0.2045
S071_S066,S071,S066,6.442,12.25,2.48,12.01,15.52,16.69,normal,2.4859,0.2001
S066_S072,S066,S072,11.317,28.36,6.09,27.72,36.4,39.31,normal,3.3223,0.2123
S072_S066,S072,S066,11.317,30.02,5.54,29.52,37.33,39.9,normal,3.385,0.1832
S066_S073,S066,S073,6.22,9.17,1.93,8.97,11.72,12.65,normal,2.1944,0.2085
S073_S066,S073,S066,6.22,9.28,1.91,9.09,11.81,12.72,normal,2.2077,0.2037
S067_S068,S067,S068,11.078,28.35,9.34,26.93,40.64,45.66,heavy,3.2932,0.321
S068_S067,S068,S067,11.078,27.07,9.8,25.46,39.92,45.35,heavy,3.237,0.351
S067_S070,S067,S070,8.955,12.44,1.89,12.3,14.93,15.77,light,2.5097,0.151
S070_S067,S070,S067,8.955,12.8,2.07,12.63,15.53,16.46,light,2.5362,0.161
S067_S071,S067,S071,11.009,26.47,9.0,25.06,38.3,43.18,normal,3.2213,0.3308
S071_S067,S071,S067,11.009,27.23,8.41,26.02,38.31,42.74,normal,3.2589,0.3017
S067_S072,S067,S072,5.669,19.86,4.39,19.39,25.65,27.77,heavy,2.9646,0.2185
S072_S067,S072,S067,5.669,18.84,4.0,18.43,24.12,26.03,heavy,2.9138,0.2099
S067_S073,S067,S073,12.917,18.63,5.22,17.94,25.51,28.19,normal,2.8869,0.2748
S073_S067,S073,S067,12.917,18.43,4.85,17.82,24.83,27.28,normal,2.8805,0.2587
S067_S075,S067,S075,15.08,33.51,6.67,32.86,42.31,45.45,heavy,3.4924,0.1971
S075_S067,S075,S067,15.08,32.12,6.65,31.45,40.91,44.07,heavy,3.4485,0.205
S068_S069,S068,S069,10.95,18.37,6.26,17.39,26.6,30.01,normal,2.8559,0.3316
S069_S068,S069,S068,10.95,19.09,6.61,18.04,27.77,31.38,normal,2.8928,0.3364
S068_S071,S068,S071,11.178,21.65,6.15,20.82,29.76,32.93,heavy,3.0361,0.2786
S071_S068,S071,S068,11.178,22.61,6.6,21.7,31.32,34.74,heavy,3.0775,0.286
S068_S072,S068,S072,6.343,14.68,3.01,14.38,18.65,20.07,heavy,2.6656,0.2029
S072_S068,S072,S068,6.343,14.36,2.78,14.1,18.03,19.33,heavy,2.6464,0.1918
S068_S073,S068,S073,5.55,14.08,3.49,13.66,18.69,20.42,normal,2.6148,0.2442
S073_S068,S073,S068,5.55,13.0,3.54,12.55,17.68,19.48,normal,2.5295,0.2674
S068_S074,S068,S074,13.025,23.36,4.78,22.89,29.67,31.94,normal,3.1305,0.2026
S074_S068,S074,S068,13.025,21.85,4.87,21.32,28.28,30.63,normal,3.0597,0.2203
S069_S070,S069,S070,11.037,22.31,7.81,21.06,32.56,36.84,normal,3.0474,0.3399
S070_S069,S070,S069,11.037,22.08,7.92,20.78,32.46,36.83,normal,3.0339,0.348
S069_S073,S069,S073,15.307,38.28,6.23,37.79,46.49,49.3,normal,3.632,0.1616
S073_S069,S073,S069,15.307,36.35,6.62,35.77,45.08,48.14,normal,3.577,0.1806
S069_S074,S069,S074,2.115,7.65,2.0,7.4,10.29,11.29,heavy,2.0017,0.2569
S074_S069,S074,S069,2.115,7.12,2.13,6.82,9.93,11.04,heavy,1.9193,0.2933
S069_S075,S069,S075,12.328,22.56,7.08,21.53,31.89,35.64,normal,3.0694,0.3064
S075_S069,S075,S069,12.328,21.21,7.44,20.01,30.97,35.05,normal,2.9964,0.3406
S070_S072,S070,S072,6.675,9.69,3.19,9.21,13.9,15.61,normal,2.22,0.3211
S072_S070,S072,S070,6.675,10.26,3.32,9.76,14.62,16.4,normal,2.278,0.3156
S070_S074,S070,S074,12.797,34.73,8.32,33.78,45.72,49.81,normal,3.5198,0.2361
S074_S070,S074,S070,12.797,32.64,7.7,31.77,42.81,46.58,normal,3.4584,0.2327
S070_S075,S070,S075,9.838,22.59,4.12,22.23,28.03,29.93,normal,3.1014,0.1808
S075_S070,S075,S070,9.838,23.87,3.73,23.58,28.78,30.45,normal,3.1603,0.1555
S071_S072,S071,S072,7.296,10.52,2.64,10.21,14.02,15.33,normal,2.323,0.2474
S072_S071,S072,S071,7.296,11.31,2.47,11.05,14.57,15.76,normal,2.4023,0.2159
S071_S073,S071,S073,7.521,10.86,3.06,10.46,14.9,16.47,normal,2.3472,0.2763
S073_S071,S073,S071,7.521,10.52,3.33,10.03,14.9,16.67,normal,2.3051,0.3093
S072_S073,S072,S073,7.25,18.13,5.56,17.33,25.46,28.38,heavy,2.8527,0.2997
S073_S072,S073,S072,7.25,17.09,5.55,16.25,24.39,27.36,heavy,2.7882,0.3166
S072_S075,S072,S075,15.813,33.57,11.15,31.86,48.24,54.25,normal,3.4614,0.3235
S075_S072,S075,S072,15.813,34.14,11.18,32.45,48.85,54.84,normal,3.4797,0.319
S073_S074,S073,S074,17.419,39.46,11.15,37.97,54.17,59.9,heavy,3.6368,0.2771
S074_S073,S074,S073,17.419,37.8,10.45,36.43,51.6,56.94,heavy,3.5954,0.2715
S074_S075,S074,S075,12.65,36.6,11.59,34.9,51.86,58.02,heavy,3.5524,0.309
S075_S074,S075,S074,12.65,37.2,10.93,35.69,51.61,57.29,heavy,3.5749,0.2877
